ok,type,name,winery_name,area,size,vintage,price,info,internal_notes,matched_name,matched_winery_name,matched_id,matched_original_id,score
TRUE,SPARKLING,FRANCIACORTA BRUT SATEN D.O.C.G. BIO,BARONE PIZZINI,2-2,BOTTLE,2018,65,,,Satén Franciacorta,Barone Pizzini,wine_01gzr4ksct8de7tv33rh98x28c,1150697,47.62373
FALSE,SPARKLING,FRANCIACORTA DOSAGGIO ZERO D.O.C.G. ANIMANTE,BARONE PIZZINI,2-2,BOTTLE,,50,,,Animante Franciacorta Extra Brut,Barone Pizzini,wine_01gzr4ksctc3v9gsjyyxb2pnm1,2203345,45.709198
TRUE,SPARKLING,FRANCIACORTA EXTRA BRUT GOLF,BARONE PIZZINI,2-2,BOTTLE,,50,,,Golf 1927 Franciacorta,Barone Pizzini,wine_01gzr4ksctpg7xgfcd5g3n4mew,5563383,46.08034
FALSE,SPARKLING,FRANCIACORTA ROSE' D.O.C.G. EXTRA BRUTMILLESIMATO BIO,BARONE PIZZINI,2-2,BOTTLE,2018,70,,,Franciacorta Extra Dry,Barone Pizzini,wine_01gzr4ksctx15cy00ymde08eh3,1150695,43.654793
TRUE,SPARKLING,FRANCIACORTA BRUT D.O.C.G. CUVÉE ALMA,BELLAVISTA,2-5,BOTTLE,,60,,,Franciacorta Grande Cuvée Alma Brut,Bellavista,wine_01gzr4ktfz8rdfpgmgkvghev9h,,39.60987
TRUE,SPARKLING,CUVÉE PRESTIGE D.O.C.G. EXTRA BRUT 44ma EDIZIONE,CA' DEL BOSCO,2-5,BOTTLE,,75,,,Franciacorta 44a Edizione Cuvée Prestige,Ca' del Bosco,wine_01gzr4ksccqqnpgqa87nn43n5r,10158345,42.350376
FALSE,SPARKLING,TRENTODOC BRUT CUVÉE '85,CASATA MONFORT,,BOTTLE,,45,,,Rosé Brut,Casata Monfort,wine_01h0my5vwkgq14ns0bcz2kzcj6,,44.439354
TRUE,SPARKLING,TRENTODOC BRUT ROSE' D.O.C.,CASATA MONFORT,2-3,BOTTLE,,50,,,Rosé Brut,Casata Monfort,wine_01h0my5vwkgq14ns0bcz2kzcj6,,47.27006
FALSE,SPARKLING,FRANCIACORTA BLANC DE BLANCS NATURE BIO,CAVALLERI,3-4,BOTTLE,,55,,,Blanc de Blancs Franciacorta Brut,Cavalleri,wine_01gzr4ktse0n59hdwbtkb5sxj6,,40.69012
TRUE,SPARKLING,FRANCIACORTA PAS DOSE' DOSAGGIO ZERO BIO,CAVALLERI,3-4,BOTTLE,2018,70,,,Franciacorta Pas Dosé,Cavalleri,wine_01h0f3cmbtkwmev0q8m5tqm8n3,,42.920673
FALSE,SPARKLING,FRANCIACORTA ROSE' EXTRA BRUT MILLESIMATO BIO,CAVALLERI,3-4,BOTTLE,2018,75,,,Franciacorta Rosé,Cavalleri,wine_01h0qsxmzdsn08pg3s36exjjeh,,34.357616
TRUE,SPARKLING,FRANCIACORTA SATEN D.O.C.G. BIO,CAVALLERI,3-4,BOTTLE,2019,60,,,Satèn Franciacorta Brut,Cavalleri,wine_01h0qsxmzd11cmyk9ec4pz7f7v,,37.2272
TRUE,SPARKLING,TRENTODOC 708 EXTRA BRUTD.O.C.,CEMBRANI,2-3,BOTTLE,,65,,,708km Extra Brut,Cembrani,wine_01h4pmmfewe9mz61wrmb7yzp76,,37.526863
TRUE,SPARKLING,BRUT,D'ARAPRI',2-4,BOTTLE,,45,,,Brut,d'Arapri,wine_01gzr4ksgtxvt4z7fj6xbj67p4,2045719,32.510307
TRUE,SPARKLING,ROSE' BRUT,D'ARAPRI',2-4,BOTTLE,,55,,,Brut Rosè,d'Arapri,wine_01gzr4ksgtrrx315rpkp508g1p,2284053,34.743786
TRUE,SPARKLING,ALTA LANGA D.O.C.G. PARCELLAIRE EXTRABRUT,ENRICO SERAFINO,3-4,BOTTLE,2018,65,,,Alta Langa Parcellaire Extra Brut,Enrico Serafino,wine_01h0qzm08r4cd4qjw3mctgfyds,,55.65848
TRUE,SPARKLING,ALTA LANGA D.O.C.G. RISERVA PAS DOSE' MILLESIMATO BRUT 'ZERO',ENRICO SERAFINO,3-4,BOTTLE,2017,85,,,Zero Riserva Pas Dosé,Enrico Serafino,wine_01h0f3cmbt3hh86k2p7cg6yy81,,56.139294
TRUE,SPARKLING,ALTA LANGA OUDEIS BRUTD.O.C.G. Millesimato,ENRICO SERAFINO,3-4,BOTTLE,2018,50,,,Alta Langa Oudeis Brut,Enrico Serafino,wine_01h0my5t4j292kfk4zp4gbm4jh,,59.52454
TRUE,SPARKLING,ALTA LANGA OUDEIS BRUTD.O.C.G. Millesimato,ENRICO SERAFINO,3-5,MAGNUM,2018,50,,,Alta Langa Oudeis Brut,Enrico Serafino,wine_01h0my5t4j292kfk4zp4gbm4jh,,59.52454
TRUE,SPARKLING,SPUMANTE BRUT PERLE' MILLESIMATO,FERRARI,2-5,BOTTLE,,75,,,Perlé,Ferrari,wine_01gzr4ksccj35519kgnp4kw2ym,4972,29.24247
FALSE,SPARKLING,DUBL ESSE DOSAGGIO ZERO,FEUDI DI SAN GREGORIO,2-3,BOTTLE,,70,,,Dosaggio Zero,San Michael,wine_01h4pmmfcm4djtbf7h4rq95vdk,,26.064184
FALSE,SPARKLING,EXTRA BRUT RISERVA DEL FONDATORE TRENTO D.O.C.,GIULIO FERRARI,,BOTTLE,2010,280,,,Trento Brut,Ferrari,wine_01gzr4kscc1yctn7qjymbtk8bc,1367887,34.011047
TRUE,SPARKLING,PAS DOSE' MILLESIMATO ALTO ADIGE D.O.C.,HADERBURG,3-4,BOTTLE,2019,60,,,Pas Dosé Millesimato,Haderburg,wine_01h0f3cmbtcrj6dy2n3hdvwpne,,46.238598
TRUE,SPARKLING,SPUMANTE ALTO ADIGE D.O.C. BRUT,HADERBURG,3-4,BOTTLE,,45,,,Brut,Haderburg,wine_01h0qzm1tsmx0p7drhda7fcn87,,32.052856
FALSE,SPARKLING,MAI SENTITO I.G.T.,LA FRASSINA,FRIGO MESCITA,BOTTLE,,25,,,Mai Sentito!,La Staffa,wine_01h0qzm2qz57r3661eh3cz1jj3,,28.639832
TRUE,SPARKLING,ALTA LANGA BLANC DE BLANCS PAS DOSE' D.O.C.G.,MARCALBERTO,2-6,BOTTLE,2019,55,,,Blanc de Blancs Pas Dosé,Marcalberto,wine_01gzr4ksgasq77axgqdnnybb8z,5534896,49.852478
FALSE,SPARKLING,ALTA LANGA MILLESIMATO EXTRA BRUT D.O.C.G.,MARCALBERTO,2-3,BOTTLE,,50,,,Alta Langa,Marcalberto,wine_01gzr4ksgavg9fj8k92gee20km,5877166,44.419548
FALSE,SPARKLING,ALTA LANGA NATURE D.O.C.G.,MARCALBERTO,,BOTTLE,2019,,,,Alta Langa,Marcalberto,wine_01gzr4ksgavg9fj8k92gee20km,5877166,44.419548
TRUE,SPARKLING,OLTREPO' PAVESE PINOT NERO BRUT CRUASE COSTADELVENTO 24 MESI D.O.C.G. ROSE',MARCHESI DI MONTALTO,2-3,BOTTLE,2017,45,,,Costadelvento Cruasè Brut,Marchesi di Montalto,wine_01h0qzm1169rtrg3v4s1vw0gas,,56.779835
TRUE,SPARKLING,TRENTODOC INKINO BRUT MILLESIMATO D.O.C.,MAS DEI CHINI,2-3,BOTTLE,2018,50,,,Inkino Brut,Mas Dei Chini,wine_01h0qsxnxfyq5n2stwfbcp3t7x,,49.941933
TRUE,SPARKLING,DURELLO SPUMANTE LEON,MASARI,2-5,BOTTLE,,40,,,Leon Durello Naturale,Masari,wine_01gzr4ktrxpznmw0zayewkjq0g,,42.01667
FALSE,SPARKLING,VOUVRAY BRUT ZERO MILLESIMATO,MEUNIER DENIS,2-1,BOTTLE,2018,40,,,Fines Bulles Vouvray Brut Zéro,Denis Meunier,wine_01h4pmmfjy6vwnrnh6chq8v49t,,47.744873
TRUE,SPARKLING,MEDOTO CLASSICO BRUT,MICHELUTTI,3-4 SCATOLA,BOTTLE,,35,,,Metodo Classico Brut,Michelutti,wine_01h4pmmfk4xnz71k35kvpw9b4e,,39.419884
FALSE,SPARKLING,PINOT NERO NATURE BRUT ROSE' OLTREPO' PAVESE,MONSUPELLO,2-5,BOTTLE,,50,,,Nature,Monsupello,wine_01gzr4ksehz8eeggp6qbs0zhqr,1666936,32.42518
TRUE,SPARKLING,PINOT NERO NATURE PAS DOSE' OLTREPO' PAVESE,MONSUPELLO,2-5,BOTTLE,,45,,,Nature,Monsupello,wine_01gzr4ksehz8eeggp6qbs0zhqr,1666936,32.42518
TRUE,SPARKLING,BRUT NERELLO MASCALESE,MURGO,2-4,BOTTLE,2020,40,,,Brut,Murgo,wine_01gzr4ksgv3vmx8wapbfscm24x,1791550,30.300295
TRUE,SPARKLING,SPUMANTE CLASSICO PERLUGO DOSAGGIO ZERO BIO,PIEVALTA,2-3,BOTTLE,,30,,,Perlugo Zero,Pievalta,wine_01h0qzm0e31rd24g0pc7nbntee,,47.456852
FALSE,SPARKLING,ESPUMOSO BRUT NATURE CONTADO DO TEA BLANCO,SENORIO DE RUBIOS,2-1 + SCATOLA,BOTTLE,,50,,,Condado do Tea Blanco Brut,Señorío de Rubiós,wine_01h4pmmfm44nx5zcw38tynrpwf,,44.54678
FALSE,SPARKLING,ALMERITA BRUT,TASCA D’ALMERITA,3-4,BOTTLE,2019,55,,,Prosecco Brut,Tosca,wine_01gzr4kssfhhcn760bdnk9c5dn,1444480,23.430128
TRUE,SPARKLING,SPUMANTE RECIOTO DI GAMBELLARA DOLCED.O.C.G.,VIGNATO VIRGILIO,2-5,BOTTLE,2018,30,,,Recioto di Gambellara Metodo Classico,Virgilio Vignato,wine_01gzr4ksfnda0v5fth98eqjma8,2601078,54.98909
FALSE,SPARKLING,TRENTO DOC BRUT MILLESIMATO FORNERI,ZANOTELLI,2-1 + SCATOLA,BOTTLE,2018,50,,,For 4 Neri Brut,Zanotelli,wine_01h0sq48wg825mqkg3x9pka08c,,28.91668
TRUE,SPARKLING,BOSCO DI GICA BRUT VALDOBIADENE PROSECCO SUPERIORE D.O.C.G.,ADAMI,FRIGO MESCITA,BOTTLE,,30,,,Bosco di Gica Valdobbiadene Prosecco Superiore Brut,Adami,wine_01h0f3cmbp89g7jej0y9waazvt,,46.21747
TRUE,SPARKLING,STEINBOCK FREE SPARKLING,DR. FISCHER,FRIGO MESCITA,BOTTLE,,25,,,Selection Steinbock Alcohol Free Sparkling,Weingut Dr. Fischer,wine_01gzr4kt598v5dfn8ert8tkqq0,,39.293804
TRUE,SPARKLING,PROSECCO SUPERIORE EXTRA DRY,MONGARDA,3-4 + SCATOLA,BOTTLE,,45,,,Valdobbiadene Prosecco Superiore Extra Dry,Mongarda,wine_01h0r2pq895tk2dqzx4ypkbw0d,,43.256752
TRUE,SPARKLING,SPUMANTE COLLI TREVIGIANI I.G.T. COL FONDO,MONGARDA,SCAFFALE,BOTTLE,,30,,,Col Fondo Glera Colli Trevigiani,Mongarda,wine_01h0qzm1hzbtf1wmnf96cwf5ya,,53.971508
TRUE,SPARKLING,PROSECCO SUPERIORE D.O.C.G. ASOLO 4.0 EXTRA BRUT,SCANDOLERA,FRIGO MESCITA,BOTTLE,,25,,,Cuvee 4 Zero Asolo Prosecco Superiore Extra Brut,Scandolera,wine_01h4pmmfdhp806mfd1rqm1g18h,,45.764553
TRUE,SPARKLING,"PROSECCO SUPERIORE D.O.C.G. CONEGLIANO, VALDOBIADENE COSTA D'ORO BRUT",SCANDOLERA,FRIGO MESCITA,BOTTLE,,25,,,Conegliano Valdobbiadene Prosecco Superiore Brut,Scandolera,wine_01h4pmmfzvtxyph2dwc5y9bf5f,,50.36471
TRUE,SPARKLING,"PROSECCO SUPERIORE D.O.C.G. CONEGLIANO, VALDOBIADENE VIGNETI DEL FAIT EXTRA DRY",SCANDOLERA,FRIGO MESCITA,BOTTLE,,25,,,Vigneti del Fait Conegliano Valdobbiadene Prosecco Superiore,Scandolera,wine_01h0qzm041ayk68x67k13r463w,,57.022152
FALSE,SPARKLING,CRÉMANT DE LOIRE BRUT ROSE’,ARNAUD LAMBERT,2-4,BOTTLE,,50,,,Crémant de Loire Brut,Domaine Arnaud Lambert,wine_01h0qzm2w3d6ajr570q7gm54yh,,44.174107
TRUE,SPARKLING,CRÉMANT DE LOIRE BLANC BRUT,ARNAUD LAMBERT,2-4,BOTTLE,,50,,,Crémant de Loire Brut,Domaine Arnaud Lambert,wine_01h0qzm2w3d6ajr570q7gm54yh,,44.174107
TRUE,SPARKLING,CRÉMANT DE LOIRE BRUT PURETÉ DE SILEX,CLOS DE LA BRIDERIE,,BOTTLE,,50,,,Puréte de Silex Crémant de Loire Brut,Clos de la Briderie,wine_01h0qzm2ky8n8shm2qa5c29jga,,60.47526
TRUE,SPARKLING,CREMANT DE JURA BRUT NATURE AOC,DOMAINE PIGNIER,2-2,BOTTLE,,55,,,L’Autre Crémant du Jura Brut Nature,Pignier,wine_01h4pmmgt7yw9fpq8dzqsa0733,,38.580948
TRUE,SPARKLING,CREMANT D’ALSACE BLANC DE BLANCS BRUT DE GRES EXTRA BRUT BIO,DOMAINE ROBERT ROTH,,BOTTLE,2021,50,,,Brut de Grès Crémant Blanc de Blancs Millesime,Domaine Robert Roth,wine_01h4pmmgtdwqv8byn6secy5nxt,,54.897778
FALSE,SPARKLING,CREMANT DU JURA BRUT ZERO DOSAGE,FABRICE & VALERIE CLOSSET,FRIGO MESCITA,BOTTLE,,55,,,Tradition Brut Champagne,Fabrice Moreau,wine_01h4pmmgfsz6eh59jt4gb8tt9d,,24.485563
TRUE,SPARKLING,CREMANT DE BOURGOGNE BLANC DE NOIIRS EXTRA BRUT,LAURENT COGNARD & CO.,,BOTTLE,2018,70,,,Blanc de Noir Extra Brut Zéro,Domaine Laurent Cognard,wine_01h4pmmfk41nmapdsy92wyqfwm,,43.09545
TRUE,SPARKLING,CREMANT D'ALSACE EXTRA BRUT,MEYER FONNET,2-1,BOTTLE,,50,,,Cremant d''Alsace Brut Extra,Meyer-Fonné,wine_01h4pmmfcvxq1ztcqaxgd91g95,,31.14262
FALSE,SPARKLING,CREMANT D'ALSACE EXTRA BRUTCUVEE,PAUL EDUARD,2-1,BOTTLE,,50,,,Crémant d''Alsace Extra Brut,Edgard Schaller,wine_01h4pmmff76ms2amd7tqxmjgs5,,28.54325
TRUE,SPARKLING,CREMANT DE BOURGOGNE BRUT,VEUVE AMBAL,2-2,BOTTLE,,50,,,Crémant de Bourgogne Brut,Veuve Ambal,wine_01gzr4ks5vk1m51fwzdfvaefnr,5844991,44.87352
FALSE,SPARKLING,LES COULLEMETS GRAND CRU,ADRIEN DHONDT,,BOTTLE,2018,380,,,Grande Réserve Blanc de Blancs Brut Champagne Grand Cru,José Dhondt,wine_01h4pmmgfcr78kcyn62dbvhp8g,,28.660536
TRUE,SPARKLING,COMPLANTÉE EXTRA BRUT GRAND CRU,AGRAPART,,BOTTLE,,180,,,Pascal Agrapart Champagne Complantée Grand Cru Extra Brut,Agrapart & Fils,wine_01gzr4ksxkbkskx7hcytpc73x4,,40.946365
TRUE,SPARKLING,LES 7 CRUS EXTRA BRUT,AGRAPART,1-2,BOTTLE,,150,,,7 Crus Extra Brut Champagne Grand Cru ''Avize'',Agrapart & Fils,wine_01h0my5rrw52crdjem8kksb2wg,,36.799442
TRUE,SPARKLING,TRADITION BRUT,ALAIN VESSELLE,1-3,BOTTLE,,70,,,Brut Tradition Champagne Grand Cru ''Bouzy'',Alain Vesselle,wine_01h4pmmgfq7ay7vraqt0kz8w4e,,41.016815
TRUE,SPARKLING,AMBONNAY BRUT RESERVE,ANDRÉ BEAUFORT,2-1,BOTTLE,,200,,,Réserve Brut Champagne Grand Cru ''Ambonnay'',André Beaufort,wine_01h4pmmgfwvk47fygzg38nr1x6,,44.591034
TRUE,SPARKLING,VERTUS EXPERIENCE BLANC DE BLANCEXTRA BRUT PREMIER CRU,ANDRE' JACQUART,1-3,BOTTLE,,75,,,Blanc de Blancs Extra Brut Vertus Experience Champagne Premier Cru,André Jacquart,wine_01gzr4kt00th2mb594e3m23yv7,,54.430096
TRUE,SPARKLING,GOLD BRUT,ARMAND DE BRIGNAC,SCAFFALE,BOTTLE,,670,,,Brut Champagne (Gold),Armand de Brignac,wine_01gzr4ksda5ttx31nc2fx6hq90,2240674,50.01712
TRUE,SPARKLING,LE NOMBRE D’OR SABLE’ BLANC DE BLANCS BRUT NATURE,AUBRY,,BOTTLE,2018,215,,,Le Nombre d''Or Sable Blanc des Blancs Champagne Brut Nature,Aubry,wine_01h4pmmfm6txg87rr560wzrq23,,46.449593
TRUE,SPARKLING,PREMIER CRU BRUT,AUBRY,1-2,BOTTLE,,85,,,Brut Champagne Premier Cru,Aubry,wine_01h0f3cmbpjnvgep4sy88f0ner,,36.43636
FALSE,SPARKLING,AYGRAND CRU EXTRA BRUT MILESIME,BERECHE ET FILS,2-1,BOTTLE,2014,490,,,Millésime Brut Champagne Premier Cru,Paques et Fils,wine_01h4pmmgg9vm6sj0fkpbk1195a,,28.538494
FALSE,SPARKLING,BRUT RESERVE,BERECHÉ ET FILS,,BOTTLE,,150,,,Grande Réserve Brut Champagne Premier Cru,Paques et Fils,wine_01h4pmmggaa682xh5jqzacdq78,,23.661167
TRUE,SPARKLING,CAMPANIA REMENSIS EXTRA MILLESIMATO EXTRA BRUT,BERECHÉ ET FILS,2-1,BOTTLE,2018,190,,,Campania Remensis Extra Brut Rosé Champagne,Bérêche & Fils,wine_01h4pmmfd0xd2aeqpe1ncxvxxc,,35.463512
TRUE,SPARKLING,EXTRA BRUT NATURE,BILLECART SALMON,2-1,BOTTLE,,150,,,Brut Nature Champagne,Billecart-Salmon,wine_01gzr4ks64x0y631wkdetyncm2,8528452,46.382885
FALSE,SPARKLING,PN TX17 BLANC DE NOIR,BOLLINGER,1-5,BOTTLE,,250,,,PN VZ Brut Champagne,Bollinger,wine_01gzr4ks778jfva8jchz2z8wm2,8564458,35.361877
TRUE,SPARKLING,LA GRANDE ANNÉE BRUT,BOLLINGER,1-5,BOTTLE,2014,380,,,La Grande Année Brut Champagne,Bollinger,wine_01gzr4ks6y229v3p9003jmyzy6,18931,40.965466
TRUE,SPARKLING,SPECIAL CUVEE BRUT,BOLLINGER,3-4,MAGNUM,,310,,,Special Cuvée Brut Aÿ Champagne,Bollinger,wine_01gzr4ks77wsdabt6vnn27vs4y,18929,35.466183
TRUE,SPARKLING,L'EXTRA BLANC DE BLANCS EXTRA BRUT GRAND CRU,BONNET GILMERT,1-4,BOTTLE,,85,,,L''Extra Blanc de Blancs Champagne Grand Cru,Bonnet Gilmert,wine_01h0my5svmnxmx689mmy0b83fm,,51.881886
TRUE,SPARKLING,ASSEMBLAGE EXTRA BRUT MILLESIMATO,BRUNO PAILLARD,2-3,BOTTLE,,240,,,Assemblage Brut Champagne,Bruno Paillard,wine_01gzr4ks5h35qv70a07kdtd8tw,1165683,39.983524
TRUE,SPARKLING,EXTRA BRUT MILLESIME BLANC DE BLANCS GRAN CRU,BRUNO PAILLARD,2-3,BOTTLE,2013,250,,,Blanc de Blancs Extra Brut Champagne,Bruno Paillard,wine_01gzr4ks5hy2rbzr51rnh3c3gh,1232685,44.872368
TRUE,SPARKLING,NATURELLEMENT EXTRA BRUT,CAZE’ THIUBAUT,1-5,BOTTLE,,120,,,Naturellement Extra-Brut Champagne,Cazé-Thibaut,wine_01h4pmmfcw92gc7nqp5mvrgy6w,,42.92295
FALSE,SPARKLING,PINOT MEUNIER BRUT NATURE,CHARLOT PÈRE ET FILS,2-1,BOTTLE,2009,250,,,Pinot Noir Brut Nature Champagne,Charlot Père & Fils,wine_01h4pmmfkae8cq1adbhathwpq5,,46.213367
TRUE,SPARKLING,HORS SERIE,CHARTOGNE TAILLET,,BOTTLE,2018,280,,,Hors Série Champagne,Chartogne-Taillet,wine_01h4pmmghthd49hy23657m1c9m,,57.639977
TRUE,SPARKLING,LES COUARRES EXTRA BRUT,CHARTOGNE TAILLET,,BOTTLE,2018,230,,,Les Couarres Extra Brut,Chartogne-Taillet,wine_01h4pmmfcw957aat33rb4smmep,,62.98817
TRUE,SPARKLING,CHEMIN DE REIMS BLANC DE BLANCS EXTRA BRUT,CHARTOGNE TAILLET,1-2,BOTTLE,2018,190,,,Chemin de Reims Extra Brut,Chartogne-Taillet,wine_01h4pmmfcxarm9n7k2shepqf9s,,67.20274
TRUE,SPARKLING,SAINTE ANNE BRUT CUVÉE,CHARTOGNE TAILLET,1-2,BOTTLE,,120,,,Sainte Anne Brut,Chartogne-Taillet,wine_01h0f3cmbp0fxt7kmnrzjx1cz1,,58.779987
TRUE,SPARKLING,L'APHRODISIAQUE 1er CRU BRUT NATURE,DAVID LECLAPART,1-3,BOTTLE,,420,,,l''Aphrodisiaque Pas Dosé Champagne Premier Cru,David Léclapart,wine_01h0f3cmbvzn3netjb3rt19nas,,44.17195
TRUE,SPARKLING,DANS UN PREMIER TEMPS BRUT,DHONDT GRELLET,1-2,BOTTLE,,170,,,Dans un Premier Temps Brut Champagne,Dhondt-Grellet,wine_01h4pmmgj8g84m6nbevr6r5y4h,,66.24888
TRUE,SPARKLING,LES TERRES FINES EXTRA BRUT BLANC DE BLANCS PREMIER CRU,DHONDT GRELLET,1,BOTTLE,,150,,,Les Terres Fines Blanc de Blancs Extra Brut Champagne Premier Cru,Dhondt-Grellet,wine_01h0sq47yf1taam9jcrwccy5cy,,66.00065
TRUE,SPARKLING,P2 VINTAGE BRUT,DOM PERIGNON ­,1-1,BOTTLE,2004,800,,,P2 Plénitude Brut Champagne,Dom Pérignon,wine_01gzr4ksd7kxm1ztzqza3vfezb,3102815,46.42406
TRUE,SPARKLING,DOM PERIGNON BRUT,DOM PERIGNON,1-1,BOTTLE,1988,850,,,Brut Champagne,Dom Pérignon,wine_01gzr4ksd1q5hvwrcr5dxtbzer,86684,36.554844
FALSE,SPARKLING,VINTAGE BRUT,DOM PERIGNON,1-1,BOTTLE,2013,390,,,Brut Champagne,Dom Pérignon,wine_01gzr4ksd1q5hvwrcr5dxtbzer,86684,36.554844
FALSE,SPARKLING,BRUT GRAND CRU,EGLY OURIET,1-3,BOTTLE,,250,,,Champagne Extra Brut Grand Cru,Egly-Ouriet,wine_01h4pmmff782ryqv710jecfqq4,,52.97013
TRUE,SPARKLING,GRAND CRU BRUT MILLESIME,FERNAND THILL,1-3,BOTTLE,2015,130,,,Brut Millesime Champagne Grand Cru ''Verzy'',Fernand Thill,wine_01h0qzm2vh3nvdv5xsr01zv75f,,43.92701
TRUE,SPARKLING,TRADITION BRUT GRAND CRU,FERNAND THILL,1-3,BOTTLE,,100,,,Brut Tradition Champagne Grand Cru ''Verzy'',Fernand Thill,wine_01h0qzm13n2rpb94tf49fqyvvb,,42.69653
TRUE,SPARKLING,RELIANCE BRUT NATURE,FRANCK PASCAL,,BOTTLE,,130,,,Réliance Brut Nature Champagne,Franck Pascal,wine_01h4pmmgjt4pp0mw1pmr0w3vcq,,46.37748
TRUE,SPARKLING,TOLERANCE BRUT ROSE’,FRANCK PASCAL,,BOTTLE,,150,,,Tolerance Rosé Brut Champagne,Franck Pascal,wine_01h4pmmffpy1q3kn67905py5zb,,48.34542
TRUE,SPARKLING,FLUENCE BRUT NATURE,FRANCK PASCAL,1-1,BOTTLE,,150,,,Fluence Brut Nature Champagne,Franck Pascal,wine_01h4pmmgk04zbjrsjxcgnrgcqv,,48.589043
TRUE,SPARKLING,HARMONIE BLANC DE NOIRS,FRANCK PASCAL,1-1,BOTTLE,2012,160,,,Harmonie Blanc de Noirs Extra Brut Champagne,Franck Pascal,wine_01h4pmmfcybwt5g6v1gz2xkk67,,44.025646
TRUE,SPARKLING,PACIFIANCE BRUT NATURE METODO SOLERA,FRANCK PASCAL,1-1,BOTTLE,,290,Metodo solera,,Pacifiance Brut Nature Champagne,Franck Pascal,wine_01h4pmmgk1pemxa551nafsmenn,,50.43327
TRUE,SPARKLING,QUINTE ESSENCE EXTRA BRUT,FRANCK PASCAL,1-1,BOTTLE,2013,160,,,Quinte Essence Extra Brut Champagne,Franck Pascal,wine_01h4pmmfcx5fa8rsb1f0k2n037,,51.36908
TRUE,SPARKLING,QUINTE ESSENCE EXTRA BRUT MILLESIMATO,FRANCK PASCAL,3-1,BOTTLE,2010,230,,,Quinte Essence Extra Brut Champagne,Franck Pascal,wine_01h4pmmfcx5fa8rsb1f0k2n037,,51.36908
TRUE,SPARKLING,L'ACCOMPLIE PREMIER CRU EXTRA BRUT,FREDERIC SAVART,,BOTTLE,,180,,,L''Accomplie Brut Champagne Premier Cru,Savart,wine_01h4pmmgg9ks96abtw86yvrrkx,,42.51653
FALSE,SPARKLING,GRAND CRU EXTRA BRUT EPHEMERE 018,FREDERIC SAVART,1-3,BOTTLE,2018,140,,,Haute Couture Extra Brut Champagne Grand Cru,Savart,wine_01h4pmmgkfchhmk0fepe0m0r17,,37.431087
TRUE,SPARKLING,OUVERTURE EXTRA BRUT PREMIER CRU,FREDERIC SAVART,,BOTTLE,,180,,,L''Ouverture Extra Brut Champagne Premier Cru,Savart,wine_01h4pmmgkh5w9qarvcftc8ybx8,,45.32273
TRUE,SPARKLING,OUVERTURE EXTRA BRUT PREMIER CRU,FREDERIC SAVART,,MAGNUM,,280,,,L''Ouverture Extra Brut Champagne Premier Cru,Savart,wine_01h4pmmgkh5w9qarvcftc8ybx8,,45.32273
TRUE,SPARKLING,BRUT PREMIER CRU,GASTON CHIQUET,,BOTTLE,,150,,,Or Brut Champagne Premier Cru,Gaston Chiquet,wine_01gzr4ksc92vy7pe7s4fhq3j6s,1546455,48.552788
TRUE,SPARKLING,AY BLANC DE BLANCSGRAND CRU,GASTON CHIQUET,1-2,BOTTLE,2013,150,,,Blanc de Blancs Brut Champagne Grand Cru ''Aÿ'',Gaston Chiquet,wine_01gzr4ksc93gshb9ysern8935m,97846,46.781563
TRUE,SPARKLING,BRUT GRAND CRU SPECIAL CLUB,GASTON CHIQUET,1-2,BOTTLE,2014,130,,,Spécial Club Brut Champagne,Gaston Chiquet,wine_01gzr4ksc9yq8kbbtmbxvhnd7p,1245263,54.39254
TRUE,SPARKLING,BRUT ROSE' PREMIER CRU,GASTON CHIQUET,1-2,BOTTLE,,130,,,Brut Rosé Champagne Premier Cru,Gaston Chiquet,wine_01gzr4ksc9nv6yv79dv69fxaeq,97849,50.51529
TRUE,SPARKLING,TRADITION BRUT PREMIER CRU,GASTON CHIQUET,1-2,BOTTLE,,90,,,Tradition Brut Champagne 1er Cru,Gaston Chiquet,wine_01gzr4ksc94zy3dc52zya8nafq,97845,49.202473
TRUE,SPARKLING,BRUT NATURE PREMIER CRU,GEORGES LAVAL,1-2,BOTTLE,2020,230,,,Cumières Brut Nature Champagne Premier Cru,Georges Laval,wine_01h4pmmgg5x3xh4ee8x4m2w9kk,,49.114727
TRUE,SPARKLING,EXTRA BRUT ROSE’ PREMIER CRU,GONET MÉDEVILLE,1-3,BOTTLE,,145,,,Extra Brut Rosé Champagne Premier Cru,Gonet-Médeville,wine_01h4pmmfcxf8gzb7br6ffa8rr3,,53.958878
TRUE,SPARKLING,CRAMANT BLANC DE BLANC EXTRA BRUTGRAND CRU,GUY LARMANDIER,1,BOTTLE,,120,,,Blanc de Blancs Brut Champagne Grand Cru ''Cramant'',Guy Larmandier,wine_01h0qzm2vdanmrda67kg8mhy65,,50.439323
TRUE,SPARKLING,CUVEE PREMIER CRU,GUY LARMANDIER,1,BOTTLE,,110,,,Brut Champagne Premier Cru,Guy Larmandier,wine_01h0qzm2vdb5wxdwrspf4nygdk,,43.73604
FALSE,SPARKLING,BRUT PREMIER,HERVE’ MATHELIN,,BOTTLE,,120,,,Rozemarijn Brut Premiere,Hervé Mathelin,wine_01h4pmmgma5e0xwhftzf3ypx1f,,44.739582
FALSE,SPARKLING,SOLESSENCE EXTRA BRUT,J.M. SELEQUE,1-5,BOTTLE,,110,,,Brut Apollon Champagne,J.M. Tissier,wine_01h0my5rpb9b4c93cwn95yrpn3,,21.53525
TRUE,SPARKLING,INITIAL BLANC DE BLANCS GRAND CRU,JACQUES SELOSSE,,BOTTLE,,450,,,Initial Blanc de Blancs Brut Champagne Grand Cru ''Avize'',Jacques Selosse,wine_01gzr4ktsdjr7edgveykk4hs4s,,54.340942
FALSE,SPARKLING,ROSE' DE SAIGNEE BRUT,JEAN VESSEL,2-1,BOTTLE,,90,,,Rosé Spumante Brut,Casa Kessel,wine_01h4pmmfgmzamm6egq9r9r7baz,,26.437874
TRUE,SPARKLING,GRAND CUVEE 170ma EDITION,KRUG,1-5,BOTTLE,,380,170th Edition,,Grande Cuvée,Krug,wine_01gzr4ks7h5x1nhhc1jnbgbg29,7122486,28.168293
TRUE,SPARKLING,ROSE’ DE SAIGNEE’ EXTRA BRUT LES BEAUDIERS,LAHERT FRÈRES,2-1,BOTTLE,2021,75.64,,,Les Beaudiers Rosé de Saignée Vieilles Vignes de Pinot Meunier Extra-Brut Champagne,Laherte Freres,wine_01h4pmmfcxhvt6at5k6x2e8ne9,,46.9127
FALSE,SPARKLING,LAPIELAMIABLE BRUT,LAMIABLE,FRIGO MESCITA,BOTTLE,,60,,,Brut Champagne,Lamiable,wine_01h4pmmgn79nw2bcw7f70377nt,,31.06751
TRUE,SPARKLING,TERRE D’ETOILES BRUT GRAND CRU MAGNUM,LAMIABLE,1-4,MAGNUM,,210,,,Terre d''Etoiles Brut Champagne Grand Cru,Lamiable,wine_01h4pmmgjm9j9eztxvcvgyan7e,,43.379475
TRUE,SPARKLING,TRADITION EXTRA BRUT,LELARGE PUGEOT,1-4,BOTTLE,,110,,,Tradition Extra Brut Champagne Premier Cru,Lelarge-Pugeot,wine_01h4pmmfcvn2zes5d5f1wjadgh,,52.305595
TRUE,SPARKLING,CRISTAL BRUT,LOUIS ROEDERER,1-3,BOTTLE,2014,400,,,Cristal Brut Champagne (Millésimé),Louis Roederer,wine_01gzr4ks5tqthh4jv8natgmek8,74304,43.330616
TRUE,SPARKLING,BLANC DE NOIR BRUT MILLESIME,MANDOIS,1-3,BOTTLE,2015,95,,,Blanc de Noirs Brut Champagne,Mandois,wine_01h4pmmgnpad6pkhar90m30jzk,,36.60522
TRUE,SPARKLING,YUMAN PREMIER CRUBRUT NATURE BIO,MARGUET,1-4,BOTTLE,2019,140,,,Yuman Champagne Premier Cru,Marguet,wine_01h0r2ppq7ytxa8eh0zsmj9avf,,42.316093
TRUE,SPARKLING,SHAMAN ROSE' GRAND CRU A.O.C.,MARGUET,1-5,BOTTLE,2019,150,,,Shaman Rosé Champagne Grand Cru,Marguet,wine_01h0r2ppq7kt03skch138zye50,,43.517376
TRUE,SPARKLING,BLANC DE NOIRS EXTRA BRUT,MAURICE GRUMIER,1-4,BOTTLE,,90,,,Blanc de Noirs Extra Brut Champagne,Maurice Grumier,wine_01h4pmmfcw6dxr7fpfd5g6arqc,,50.637886
FALSE,SPARKLING,PONSON PREMIER CRU BRUT,MAXIME PONSON,FRIGO MESCITA,BOTTLE,,60,,,Brut Champagne Premier Cru,Bonnet-Ponson,wine_01h4pmmgg653cc9kgy2pkqa8tn,,30.012352
TRUE,SPARKLING,OZANNE BLANC DE BLANCSGRAND CRU,MICHEL FALLON,,BOTTLE,,280,,,Ozanne Blanc de Blancs Brut Champagne Grand Cru ''Avize'',Michel Fallon,wine_01h0my5rrtj5shpty7n8tmk0h1,,40.27671
TRUE,SPARKLING,INFLUENCE ROSE’ BRUT,MINIÉRE F. & R.,,BOTTLE,,150,,,Influence Cuvée Brut Rosé Champagne,Miniere F. & R.,wine_01gzr4kskbm8rff597est1x7mj,5029541,50.23739
TRUE,SPARKLING,BRUT SECRET DE FAMILLE PREMIER CRU,MONMARTHE,1-2,BOTTLE,,90,,,Secret de Famille Brut Champagne Premier Cru,Monmarthe,wine_01h0f3cmbtxf8k57zhy2mn3dtj,,47.726166
TRUE,SPARKLING,LES GRIPANTS BLANC DE NOIRS PREMIER CRU,MONMARTHE,2-2,BOTTLE,2012,120,,,Les Grimpants Blanc de Noirs Brut Champagne Premier Cru,Monmarthe,wine_01h4pmmgg8sv1tvkfvfk5z2w0b,,46.925026
TRUE,SPARKLING,EUGÈNE BLANC DE NOIRS,MOUSSE’ FILS,,BOTTLE,,120,,,L''Or d''Eugène Perpetuelle Blanc de Noir Champagne,Moussé Fils,wine_01gzr4ksxe0sdmh1d43kq99xqs,,38.116673
TRUE,SPARKLING,L’ANECDOTE,MOUSSE’ FILS,,BOTTLE,2019,150,,,Anecdote Champagne,Moussé Fils,wine_01h4pmmgpppjkgf88avg2kqpxz,,39.455273
FALSE,SPARKLING,SPECIAL CLUB MEUNIER LES FORTES TERRES BLANC DE NOIRS,MOUSSE’ FILS,,BOTTLE,2018,240,,,Les Fortes Terres Meunier Champagne,Moussé Fils,wine_01h4pmmgppsv735mwsdqprcqsa,,48.437412
TRUE,SPARKLING,L’ATAVIQUE EXTRA BRUT GRAND CRU,MOUZON LEROUX,2-1,BOTTLE,,110,,,l''Atavique Brut Réserve Champagne Grand Cru ''Verzy'',Mouzon Leroux,wine_01h4pmmggf69tb1jj1fwe2ds0j,,52.067505
TRUE,SPARKLING,L’ASCENDANT SOLERA EXTRA BRUT GRAND CRU,MOUZON LEROUX & FILS,,BOTTLE,,160,,,L''Ascendant Solera Champagne Grand Cru ''Verzy'',Mouzon Leroux,wine_01h4pmmgpwp0v7htebdbhh1aq5,,57.375633
TRUE,SPARKLING,L’INCANDESCENT ROSE’ DE SAIGNEE EXTRA BRUT,MOUZON LEROUX & FILS,,BOTTLE,,150,,,l''Incandescent Rosé de Saignée Champagne Grand Cru ''Verzy'',Mouzon Leroux,wine_01h0r2pp9wx3p9jt857yksx3c7,,52.35407
TRUE,SPARKLING,L’INEFFABLE EXTRA BRUTBLANC DE NOIRS GRAND CRU,MOUZON LEROUX & FILS,,BOTTLE,,210,,,l''Ineffable Blanc de Noirs Champagne Grand Cru ''Verzy'',Mouzon Leroux,wine_01h4pmmgpwgm4xt1ry3dx4v6k9,,53.547024
TRUE,SPARKLING,L’ANGELIQUE EXTRA BRUTBLANC DE BLANC GRAND CRU,MOUZON LEROUX & FILS,,BOTTLE,,210,,,Brut Blanc de Blancs Champagne Grand Cru ''Verzy'',Mouzon Leroux,wine_01h4pmmgpxqgc3nam05aw67bcv,,49.532257
TRUE,SPARKLING,OPINIATRE EXTRA BRUTBLANC DE BLANCS GRAND CRU,MOUZON LEROUX & FILS,,BOTTLE,,300,,,l''Opiniâtre Blanc de Blancs Millésimé Champagne Grand Cru ''Verzy'',Mouzon Leroux,wine_01h4pmmgpwwyqyprewtwfejrp3,,54.468
FALSE,SPARKLING,MONTCHENOT BLANC DE NOIRS EXTRA BRUT,NICOLAS MAILLART,,BOTTLE,2018,175,,,Les Francs de Pied Blanc de Noirs Extra Brut Champagne Premier Cru,Nicolas Maillart,wine_01h4pmmff8c67k0xt82a0pj4dw,,44.928368
TRUE,SPARKLING,PLATINE PREMIER CRU EXTRA BRUT,NICOLAS MAILLART,,BOTTLE,,110,,,Platine Extra Brut Champagne Premier Cru,Nicolas Maillart,wine_01h4pmmggb8f5r768av9db9nwn,,54.053352
TRUE,SPARKLING,BLANC DE NOIR,PALMERS & CO.,2-1,BOTTLE,,160,,,Blanc de Noirs Champagne,Palmer & Co.,wine_01h4pmmgrg88kgaq18996faq8q,,37.39373
TRUE,SPARKLING,ROSE’ SOLERA,PALMERS & CO.,2-1,BOTTLE,,125,,,Rosé Solera Champagne,Palmer & Co.,wine_01h4pmmgrg47f3qn7d25v3975t,,40.830383
FALSE,SPARKLING,MORISETPM 05 EXTRA BRUT GRAND CRU,PERTOIS,,BOTTLE,,150,,,Extra-Brut Champagne Grand Cru ''Le Mesnil-sur-Oger'',Pertois-Moriset,wine_01h4pmmgknkax84hqjermkdmms,,29.543652
TRUE,SPARKLING,CLOS GOISSES EXTRA BRUT,PHILIPPONNAT,,BOTTLE,2013,510,,,Clos des Goisses Extra-Brut Champagne,Philipponnat,wine_01gzr4ks63510rxe0fbhaqdv5f,10014290,40.132965
TRUE,SPARKLING,MOON IMPORT PREMIER CRU,PHILIPPONNAT,,BOTTLE,,150,,,Blanc de Noirs Cuvée Spéciale Moon Import Extra Brut Champagne Premier Cru,Philipponnat,wine_01gzr4ks63jq95xanh97sq7sjy,4018526,35.161896
TRUE,SPARKLING,ROYALE RÉSERVE NON DOSÉ,PHILIPPONNAT,1-1,BOTTLE,,100,,,Royale Réserve Non Dosé Champagne,Philipponnat,wine_01gzr4ks63dw1mz9w5ezwc97av,1252845,41.966427
TRUE,SPARKLING,ROYALE RÉSERVE BRUT,PHILIPPONNAT,1-1,BOTTLE,,100,,,Royale Réserve Brut Champagne,Philipponnat,wine_01gzr4ks63nx7n95vw12dcynhy,83817,37.849663
TRUE,SPARKLING,PINOT NOIR BRUT NATURE,PIERRE BRIGANDAT,1-3,BOTTLE,,70,,,Zéro Dosage Brut Nature Champagne,Pierre Brigandat & Fils,wine_01h4pmmfk06gk507ht77r4cjm8,,35.600746
TRUE,SPARKLING,BRUT BLANC DE BLANCGRAND CRU,R. & L. LEGRAS,1-2,BOTTLE,,110,,,Blanc de Blancs Brut Champagne Grand Cru,R&L Legras,wine_01gzr4ktsex2yqnthj8zdxzxaa,,42.43097
TRUE,SPARKLING,BRUT ROSE',RUINART,2-1,BOTTLE,,180,,,Brut Rosé Champagne,Ruinart,wine_01h0f3cmbmtvmkd6m243g38m9r,,34.824955
TRUE,SPARKLING,LES GOISSES EXTRA BRUT GRAND CRU BLANC DE NOIRS,SADI MALOT,,BOTTLE,,160,,,Les Goisses Blanc de Noirs Extra Brut Champagne,Sadi Malot,wine_01h4pmmgfhgw51dj91bj0xbae4,,56.69585
TRUE,SPARKLING,DOSAGE ZERO NATURE,VINCENT COUCHE,1-3,BOTTLE,,90,,,Dosage Zéro Champagne,Vincent Couche,wine_01h4pmmgsy15269hvpvaavpmq2,,47.010296
TRUE,SPARKLING,DOSAGE ZERO NATURE,VINCENT COUCHE,3-1,MAGNUM,,190,,,Dosage Zéro Champagne,Vincent Couche,wine_01h4pmmgsy15269hvpvaavpmq2,,47.010296
TRUE,SPARKLING,CUVEE RACINES DE TROIS BRUT,WARIS LARMANDIER,1-5,BOTTLE,,110,,,Racines de Trois Champagne,Waris-Larmandier,wine_01h0qzm2vd4tp2ns6mg23d6rhz,,56.335785
TRUE,ROSE,ARILA' NEGROAMARO ROSE' I.G.P.,DOMIZIANO,3-3,BOTTLE,2021,25,,,Arila Negroamaro Rosé,Domiziano,wine_01gzr4ktqpgyk9d8n8nk1xb467,,46.784443
TRUE,ROSE,NEGROAMARO ROSATO SALENTO ARILA',DOMIZIANO,SCAFFALE,BOTTLE,2021,25,,,Arila Negroamaro Rosé,Domiziano,wine_01gzr4ktqpgyk9d8n8nk1xb467,,44.317524
TRUE,ROSE,VISIONE ROSATO I.G.T.,FEUDI DI SAN GREGORIO,3-3,BOTTLE,2022,30,,,Visione,Feudi di San Gregorio,wine_01gzr4ksp2gg2we1vy7fh3ybnn,6287402,50.094498
TRUE,ROSE,SCHIAVA BIO IGT,FRANCESCO POLI,FRIGO MESCITA,BOTTLE,2021,30,,,Schiava,Francesco Poli,wine_01h0my5sh0q0tem2adamp4be78,,45.57779
TRUE,ROSE,CHICCA ROSATO,GUIDO F. FENDI,,BOTTLE,2021,90,,,Chicca Rosato,Azienda Guido F. Fendi,wine_01h0qzm1t9hmw5vn7rand0nx4d,,49.766872
TRUE,ROSE,ISOLA ROSATO IGT,HIBISCUS,3-3,BOTTLE,2021,45,,,L''Isola Rosato,Hibiscus,wine_01h0qzm226ee8rvp4b29hhnc9w,,43.929626
FALSE,ROSE,ROSATO DI PINOT GRIGIO I.G.T.,MONGARDA,SCAFFALE,BOTTLE,,35,,,Colli Trevigliani Rosato,Mongarda,wine_01h0r2pq89yj6dxag7187fczw0,,34.219402
FALSE,ROSE,PET NAT ROSE’ 5455,YVAN BERNARD,,BOTTLE,,50,,,La Rose Jaune,Bernard Van Berg,wine_01h4pmmgz69440m4a22sdpbtee,,25.552698
TRUE,WHITE,CAPITEL FOSCARINO I.G.T.,ANSELMI,4-3,BOTTLE,2022,40,,,Capitel Foscarino,Anselmi,wine_01gzr4ksdrkxd0vxnxj204j8qh,1208298,44.136776
TRUE,WHITE,SAN VINCENZO VENETO I.G.T.,ANSELMI,4-3,BOTTLE,2022,30,,,San Vincenzo,Anselmi,wine_01gzr4ksj7zdbpvz6wtppc0wgv,91463,38.802418
TRUE,WHITE,FALANGHINA DEL SANNIO,ANTICA MASSERIA VENDITTI,3-3,BOTTLE,2019,30,,,Sannio Bianco,Antica Masseria Venditti,wine_01h0my5rm171a7rfxxczj5sjb3,,50.67799
TRUE,WHITE,VERDICCHIO DI MATELICA D.O.C. VERTIS /20,BORGO PAGLIANETTO,4-4 + SCATOLA,BOTTLE,2019,45,,,Vertis Verdicchio di Matelica,Borgo Paglianetto,wine_01gzr4ksr0mw9ppfvxxw6vyg7z,1209083,58.662903
TRUE,WHITE,LUGANA D.O.C.,CA LOJERA,4-3,BOTTLE,2022,35,,,Lugana Blanc,Ca' Lojera,wine_01gzr4ksg2z8rmcvfnw7dp4wka,1190359,35.52565
FALSE,WHITE,ATO D'ASTI LUMINE,"CA' DI GAL,MOS",4.2,BOTTLE,2022,35,,,Alto Chardonnay,Terrazas de los Andes,wine_01h0sq47rvkh7z6ffehthy29na,,14.889001
TRUE,WHITE,GRECANICO SKETTA BIO,CANTINA MARILINA,3-3,BOTTLE,2021,35,,,Sketta Grecanico,Cantina Marilina,wine_01h0my5rkrkc25s4pw0pvf97hk,,51.008976
TRUE,WHITE,AL POGGIO I.G.T.,CASTELLO DI AMA,4-3,BOTTLE,2022,50,,,Al Poggio Chardonnay di Toscana,Castello di Ama,wine_01gzr4kss47e8aymjsgb640xmt,89888,40.726097
TRUE,WHITE,BLANC DE MORGEX ET DE LA SALLE,CAVE MONT BLANC,4-1,BOTTLE,2022,35,,,Blanc de Morgex et de La Salle,Cave Mont Blanc de Morgex et la Salle,wine_01gzr4ksgmk7f2t0tn19sgwwg3,1675605,42.320244
TRUE,WHITE,LANGHE D.O.C. ARNEIS BLANGE',CERETTO,4-4,BOTTLE,2022,38,,,Arneis Langhe Blange,Ceretto,wine_01gzr4kt6dcssjtppy7fmpq0c5,,50.71106
TRUE,WHITE,CHARDONNAY D.O.C. LAFÓA,COLTERENZIO,4-2,BOTTLE,2021,50,,,Lafóa Chardonnay,Colterenzio (Schreckbichl),wine_01gzr4ksdaap8qgvttdchv03pk,5292596,37.07114
TRUE,WHITE,GEWÜRZTRAMINER D.O.C. PERELISE,COLTERENZIO,4-2,BOTTLE,2022,35,,,Perelise Gewürztraminer,Colterenzio (Schreckbichl),wine_01gzr4kt49whwzncybp9a6yb8b,,38.99129
TRUE,WHITE,MOSCATO GIALLO D.O.C. PFEFFERER,COLTERENZIO,FRIGO MESCITA,BOTTLE,2022,25,,,Pfefferer,Colterenzio (Schreckbichl),wine_01gzr4kt49kze5jqmfxgercqpt,,35.12059
TRUE,WHITE,PINOT BIANCO D.O.C. BERG,COLTERENZIO,FRIGO MESCITA E 4-2,BOTTLE,2020,35,,,Berg,Colterenzio (Schreckbichl),wine_01gzr4kt49xx5x185hnmbtd80n,,29.845041
TRUE,WHITE,SAUVIGNON D.O.C. LAFÓA,COLTERENZIO,4-2,BOTTLE,2021,50,,,Lafóa Sauvignon,Colterenzio (Schreckbichl),wine_01gzr4ksd91kx6d5rhyzts8a62,11170,36.716816
TRUE,WHITE,FRIULANO COLLIO,DRAGA,4-3,BOTTLE,,30,,,Friulano,Draga,wine_01h0qzm04fq2d2m0767bz3rdt4,,32.757168
TRUE,WHITE,GAVI GRIFO DEL QUARTARO D.O.C.G..,ENRICO SERAFINO,4-4,BOTTLE,2022,45,,,Grifo del Quartaro Gavi di Gavi,Enrico Serafino,wine_01h0qsxnqxh2y81dkhxk64t8k5,,59.74008
TRUE,WHITE,GRECO DI TUFO CUTIZZI D.O.C.G.,FEUDI DI SAN GREGORIO,3-3,BOTTLE,2022,35,,,Greco Di Tufo Cutizzi,Feudi di San Gregorio,wine_01gzr4ksnzg22arwsq420h1d1d,1226616,61.66386
TRUE,WHITE,PINOT GRIGIO DELLE VENEZIE D.O.C.,FRATELLI MURARO,FRIGO MESCITA,BOTTLE,2021,30,,,Pinot Grigio delle Venezie,Murari,wine_01h0qsxnpc6ma73xt3h2vtrvre,,36.79391
TRUE,WHITE,CHARDONNAY SCAPULIN LANCHE D.O.C.,GIUSEPPE CORTESE,4-4 + SCATOLA,BOTTLE,,45,,,Chardonnay Langhe Scapulin,Giuseppe Cortese,wine_01h0my5t8pmn7qz7a5g49bavp4,,55.534904
TRUE,WHITE,RIBOLLA I.G.T.,GRAVNER,2-3,BOTTLE,2015,180,,,Ribolla Gialla,Gravner,wine_01gzr4ksd9kfp30jtsgmty7rzt,1950121,34.233334
TRUE,WHITE,RIBOLLA GIALLA D.O.C.,GRILLO IOLE,4-3,BOTTLE,2021,30,,,Ribolla Gialla,Azienda Agricola Grillo,wine_01gzr4kt5pwsa8qhr5c6vvje47,,32.5701
TRUE,WHITE,VERMENTINO BURATTINI,GUIDO F.FENDI,,BOTTLE,2019,50,,,Burattini Vermentino,Azienda Guido F. Fendi,wine_01h0qsxnbwdnvxnsbmr35ssk6c,,34.36087
TRUE,WHITE,VERMENTINO MAREMMA TOSCACA ‘CHICCA’,GUIDO F.FENDI,,BOTTLE,2020,45,,,Chicca Vermentino Maremma Toscana,Azienda Guido F. Fendi,wine_01h0qsxnbws4g8s48fcbswf10h,,37.126213
FALSE,WHITE,PINOT BLANC D.O.C.,HARTMANN DONA',4-2,BOTTLE,2021,40,,,Donà Blanc,Hartmann Donà,wine_01h0qzm1v50ycesemx1rez16em,,32.82307
TRUE,WHITE,SOAVE CLASSICO D.O.C. 'VIN SOAVE',INAMA,4-4,BOTTLE,2022,30,,,Soave Classico,Inama Azienda Agricola,wine_01gzr4ksj2tpq3qeh7dmesn1qv,81840,37.584366
TRUE,WHITE,VENETO CHARDONNAY,INAMA,4-3,BOTTLE,2021,25,,,Chardonnay del Veneto,Inama Azienda Agricola,wine_01gzr4ksj2swy4dfs7x0ayb2zv,1202356,27.460552
TRUE,WHITE,VULCAIA FUME' SAUVIGNON DEL VENETO,INAMA,4-3,BOTTLE,2021,65,,,Vulcaia Fume Sauvignon del Veneto,Inama Azienda Agricola,wine_01gzr4ksj2vhr6mzr4an8szhym,81842,40.456852
TRUE,WHITE,VULCAIA SAUVIGNON DEL VENETO,INAMA,4-3,BOTTLE,2022,30,,,Vulcaia Sauvignon del Veneto,Inama Azienda Agricola,wine_01gzr4ksj2d6vn7abpd9wv0nmc,1841511,36.930534
FALSE,WHITE,GEWÜRZTRAMINER'KOLBENHOF' RISERVA,J. HOFSTÄTTER,4-1,BOTTLE,2021,65,,,Reserve Grüner Veltliner,Hofstetter,wine_01h0qzm1vgeeak9jgw5qwqsp97,,23.943562
TRUE,WHITE,GEWÜRZTRAMINER JOSEPH D.O.C.,J. HOFSTÄTTER,4-1,BOTTLE,2022,35,,,Joseph Gewürztraminer,J. Hofstätter,wine_01h0qzm1vf5g6wsr3ychsek0rg,,44.8755
FALSE,WHITE,TIMORASSO COLLI TORTONESI D.O.C. DERTHONA,LA COLOMBERA,SCAFFALE,BOTTLE,,40,,,Derthona,La Colombera - Piercarlo Semino,wine_01h0qsxnetbpn843hxbg5vz2f9,,32.3482
TRUE,WHITE,LISON D.O.C.G.,LA FRASSINA,FRIGO MESCITA,BOTTLE,2020,25,,,Lison,La Frassina,wine_01gzr4kt45bh8v3tywbx87qyq7,,39.708378
TRUE,WHITE,SOAVE CLASSICO D.O.C.,LE BATTISTELLE,4-3,BOTTLE,2021,30,,,Montesei Soave Classico,Le Battistelle,wine_01gzr4ksjspmv5j12n5tb3edhh,1950148,39.252396
TRUE,WHITE,CHARDONNAY CUVÉE BOIS,LES CRETES,,BOTTLE,2021,80,,,Cuvée Bois Chardonnay,Les Crêtes,wine_01gzr4ksqfkdqev8benngq562n,95228,39.384834
TRUE,WHITE,CHARDONNAY LES CRETES,LES CRETES,,BOTTLE,,35,,,Chardonnay,Les Crêtes,wine_01gzr4ksqf6ype3trzzf1bk0kt,3999923,29.426493
TRUE,WHITE,PETITE ARVINE,LES CRETES,,BOTTLE,2022,35,,,Petite Arvine,Les Crêtes,wine_01gzr4ksqfe88tpqakcr3w9fx4,95232,39.76014
FALSE,WHITE,MOSCATO FRIZZANTE DILI' I.G.T.,MAELI,SCAFFALE,BOTTLE,,30,,,Riesling - Moscatel Rosada,Meli,wine_01h0my5rbxhnyq3rz02ke9v8sp,,24.958607
TRUE,WHITE,RIBOLLA GIALLA D.O.C. BIO,MARCO SARA,SCAFFALE,BOTTLE,,38,,,Ribolla Gialla,Marco Sara,wine_01h0qzm1frzfzsjgywj19nr7sh,,47.80119
TRUE,WHITE,AGNOBIANCO VENETO I.G.T.,MASARI,FRIGO MESCITA,BOTTLE,2021,30,,,Agnobianco,Masari,wine_01gzr4ktrxrgdj49jbx14qe0fw,,43.037167
TRUE,WHITE,FRIULANO ISONZO D.O.C.,MASUT DA RIVE,4-3,BOTTLE,2022,35,,,Friulano,Masut Da Rive,wine_01h0r2ppzr413fhrebrjy2nev3,,44.246372
TRUE,WHITE,SAUVIGNON BLANC ISONZO,MASUT DA RIVE,4-3,BOTTLE,2022,35,,,Sauvignon Blanc,Masut Da Rive,wine_01h0qzm19thqax1qqrb4z7f3kp,,42.476135
TRUE,WHITE,NOT IGT,PARASCHOS,,BOTTLE,2020,55,,,Not,Paraschos,wine_01gzr4kskw7jbec6b807jdp5b5,1275994,35.115723
TRUE,WHITE,LUGANA D.O.C.,PATRIZIA CADORE,,BOTTLE,2022,30,,,Lugana,Patrizia Cadore,wine_01h0my5t77vhdfpxx3xaqktsac,,52.026665
TRUE,WHITE,SOAVE CLASSICO,PIEROPAN,FRIGO MESCITA,BOTTLE,2022,30,,,Soave Classico,Pieropan,wine_01gzr4ksj4ahty016zbqf90zeg,22925,39.33245
TRUE,WHITE,SOAVE CLASSICO IL CALVARINO 50° ANNIVERSARIO,PIEROPAN,4-1,BOTTLE,2021,45,50° Anniversario,,Calvarino Soave Classico,Pieropan,wine_01gzr4ksj4tjshy9tb20x9c3ac,22930,45.06617
TRUE,WHITE,SOAVE CLASSICO LA ROCCA,PIEROPAN,4-4,BOTTLE,2021,65,,,La Rocca Soave Classico,Pieropan,wine_01gzr4ksj486bxhqwtxq2ntets,22945,46.653984
TRUE,WHITE,VERDICCHIO CASTELLI DI JESI CLASSICO SUPERIORE DOMINE' D.O.C. BIO,PIEVALTA,3-3,BOTTLE,2020,30,,,Dominè Verdicchio dei Castelli di Jesi Classico Superiore,Pievalta,wine_01h0qsxmvqk701s22cygbpqdka,,51.772987
TRUE,WHITE,MALVASIA DELL'EMILIA I.G.P. METODO ANCESTRALE,PODERE GIARDINO,SCAFFALE,BOTTLE,,30,Metodo ancestrale,,Suoli Cataldi Malvasia dell''Emilia,Podere Giardino,wine_01h0qsxmvm4p9ezsqe763v97qz,,37.11093
TRUE,WHITE,DERTHONA,QUADRO REPETTO,3-3,BOTTLE,2020,40,,,Derthona Quadro,Vigneti Repetto,wine_01gzr4ksek2c08g0hmq1r5pnea,7195887,33.343857
TRUE,WHITE,DERTHONA TIMORASSO,RENATO BOVERI VIGNAIOLO,,BOTTLE,2019,45,,,Derthona Bianco,Renato Boveri,wine_01h0my5szq2qtg79wem1scyfm6,,47.11337
FALSE,WHITE,VERMENTINO DIGALLURA KRAMORI D.O.C.G. SUPERIORE,SARAJA,3-3,BOTTLE,2021,35,,,Kintari Vermentino di Sardegna Superiore,Saraja,wine_01h4pmmfwy09kerpxpc981q5zh,,39.20333
FALSE,WHITE,VERMENTINO DI GALLURA KRAMORI D.O.C.G. SUPERIORE,SARAJA,,MAGNUM,2021,65,,,Kintari Vermentino di Sardegna Superiore,Saraja,wine_01h4pmmfwy09kerpxpc981q5zh,,41.874603
TRUE,WHITE,VERMENTINO DI GALLURA TARRA NOA D.O.C.G.,SARAJA,3-3,BOTTLE,2022,30,,,Tarra Noa Vermentino di Sardegna,Saraja,wine_01h0sq490g0p2ev48m24g41rb8,,50.048527
TRUE,WHITE,GRÜNER VELTLINER VALLE ISARCO,STRASSERHOF,,BOTTLE,2022,35,,,Grüner Veltliner,Strasserhof,wine_01h4pmmfxh7kxqfr3ehf3zcza3,,41.96936
TRUE,WHITE,RIESLING A.A. VALLE ISARCO D.O.C.,STRASSERHOF,,BOTTLE,2022,45,,,Riesling,Strasserhof,wine_01h4pmmfxh500vvfr6sx3q6rya,,34.012398
TRUE,WHITE,SYLVANER VALLE ISARCO,STRASSERHOF,,BOTTLE,2022,45,,,Sylvaner,Strasserhof,wine_01h4pmmfxhnw0x88q4z90acrfh,,37.546875
FALSE,WHITE,CAVALLO DELLE FATE GRILLO D.O.C.,TASCA D'ALMERITA,SOPRA FRIGO 1,BOTTLE,2022,30,,,Pinot Grigio,Tosca,wine_01gzr4kssfhhepfsgmf9zr8xx8,1571638,22.697996
FALSE,WHITE,CHARDONNAY VIGNA SAN FRANCESCO,TASCA D'ALMERITA,SOPRA FRIGO 1,BOTTLE,2020,75,,,Chardonnay,Tasca,wine_01gzr4kssfbnmw9atb81n777je,7193348,28.121439
FALSE,WHITE,DYDIME MALVASIA I.G.T. SALINA,TASCA D'ALMERITA,SOPRA FRIGO 1,BOTTLE,2022,45,,,Malvasia de Sitges,Dasca Vives,wine_01gzr4ksshxbcwvmac5kmkpdpy,4580739,21.34848
FALSE,WHITE,ACAPELLA PINOT BIANCO,TENUTA KLOSTERHOF,SCAFFALE,BOTTLE,,35,,,Pinot Bianco,Tenuta Maccan,wine_01h0r2ppgd5fbavv6xpszw3p7b,,18.557467
TRUE,WHITE,GEWÜRZTRAMINER D.O.C.,TENUTA ROTTENSTEINER,FRIGO MESCITA,BOTTLE,2022,30,,,Gewürztraminer,Rottensteiner,wine_01h0my5t3c0pk4gj7er1z662qe,,33.383255
FALSE,WHITE,CASTELLI DI JESI CLASSICO SUPERIORE D.O.C.,VIGNAMATO,3,BOTTLE,2021,30,,,Versiano Verdicchio dei Castelli di Jesi Classico Superiore,Vignamato,wine_01gzr4ksfmn73vk3r9mnssm5cg,1378946,41.480434
TRUE,WHITE,DERTHONA Tappo a Vite,VIGNETI MASSA,3-3,BOTTLE,2021,40,Tappo a vite,,Derthona,Vigneti Massa,wine_01gzr4kspzmnx7513yw6j9qar7,1226596,43.442253
TRUE,WHITE,LES ROMAINS SANCERRE BLANC VIELLES VIGNES,ALPHONSE MELLOT,,BOTTLE,2021,150,,,Les Romains Sancerre Blanc,Alphonse Mellot,wine_01gzr4ksvxnh8xhg570q5rnhqf,1368608,51.561382
TRUE,WHITE,SANCERRE LA MOUSSIÉRE,ALPHONSE MELLOT,3-2,BOTTLE,2021,85,,,La Moussière Sancerre Blanc,Alphonse Mellot,wine_01gzr4ksvx93s3v3b1w60ymx2k,1672202,52.31321
TRUE,WHITE,RIESLING FORST,BASSERMAN JORDAM,3-2,BOTTLE,2020,50,,,Forst Riesling Trocken,Dr. Von Bassermann-Jordan,wine_01h4pmmgzshse3tna6qbp42cbq,,34.6089
TRUE,WHITE,SAUVIGNON BLANC,BISHOP'S LEAP,FRIGO MESCITA,BOTTLE,2021,35,,,Sauvignon Blanc,Bishop's Leap,wine_01h0my5sr7nx4q1h2vx0anhyqx,,47.830524
FALSE,WHITE,CHABLIS GRAND CRU,BLANCHO,,BOTTLE,2020,150,,,Chablis Grand Cru ''Blanchot'',Domaine de Maison Blanche,wine_01h4pmmh055akbssvye9b4022f,,23.104568
FALSE,WHITE,CASTELNAUDE SUDUIRAUT SAUTERNES,CHATEAU SUDUIRAUT,3-2,BOTTLE,2016,60,,,S de Suduiraut,Château Suduiraut,wine_01gzr4ktwd4wpq3hg03jsx7vtb,,41.13685
TRUE,WHITE,CHABLIS,CHAUDE ECUELLE,3-1,BOTTLE,2020,60,,,Chablis,Domaine de Chaude Écuelle,wine_01h4pmmgx1x74krx32z2jc9f7q,,32.919834
TRUE,WHITE,BOURGOGNE ALIGOTE',CLOUS DU MOULIN AUX MOINES,3-1,BOTTLE,2021,60,,,Bourgogne Aligoté,Clos du Moulin Aux Moines,wine_01h0r2pq6c0mjgf9vt2n535czj,,50.649086
TRUE,WHITE,VIELLES VIGNES POULLYFUISSE’,DENIS JEANDEAU,,BOTTLE,2020,110,,,Vieilles Vignes Pouilly-Fuissé,Denis Jeandeau,wine_01h4pmmh15jn2hhmz95s2zknxc,,47.030327
TRUE,WHITE,BUISSON RENARD,DIDIER DAGUENEAU,,BOTTLE,2019,350,,,Buisson Renard,Didier Dagueneau (Louis-Benjamin Dagueneau),wine_01gzr4kst7bzg9z930ytz72je5,86698,52.02532
TRUE,WHITE,SILEX POULLY FUME’,DIDIER DAGUENEAU,,BOTTLE,2020,350,,,Silex,Didier Dagueneau (Louis-Benjamin Dagueneau),wine_01h4pmmh1bhkgv56mkpb55fbva,,43.241302
FALSE,WHITE,COTES DE PROVENCE TRADITION ROSE',DOMAIN HOUCHART,3-2,BOTTLE,2022,30,,,Antoine Côtes de Provence,Domaine Turenne,wine_01h0my5rmtte2k2c5b4d51bg5h,,16.860777
FALSE,WHITE,POULLYFUME' LA RENARDIERE,DOMAINE BOUCHIE',3-1,BOTTLE,2021,55,,,La Renardière Pouilly-Fumé,Bouchie-Chatellier,wine_01gzr4kst76d401vw3jr039vk5,1178896,34.43924
TRUE,WHITE,CHABLIS PREMIER CRU COTE DE LECHET,DOMAINE D’ELISE,,BOTTLE,2021,75,,,Chablis 1er Cru Cote de Lechet,Domaine d'Elise,wine_01h0qsxnxqbtc016ddc3g90vey,,44.54984
FALSE,WHITE,VOUVRAY SEC DE LES PROMENARDS,DOMAINE DE BEAUMONT,,BOTTLE,2020,65,,,Vouvray Sec,Domaine de Vaugondy,wine_01h4pmmh1s8f8htybanxr1vrxs,,25.537569
TRUE,WHITE,SANCERRE CHAVIGNOL BLANC,DOMAINE DELAPORTE,3-1,BOTTLE,2022,75,,,Sancerre Chavignol Blanc,Domaine Delaporte,wine_01gzr4ks6d2c3kd9m82dww8ncb,4359175,47.58203
TRUE,WHITE,BOURGOGNE CHARDONNAY,DOMAINE MIA,,BOTTLE,2020,80,,,Chardonnay,Domaine MIA,wine_01h4pmmh21h7mqp7zrm65h6xdy,,28.222609
TRUE,WHITE,BOURGOGNE CHARDONNAY,DOMAINE PHILIPPE CHAVY,,BOTTLE,2021,100,,,Bourgogne Chardonnay,Philippe Chavy,wine_01h0my5swekx5xwgz85dgzcxef,,41.00857
TRUE,WHITE,MERSAULT VIELLES VIGNES,DOMAINE PHILIPPE CHAVY,,BOTTLE,2021,230,,,Meursault,Philippe Chavy,wine_01h4pmmh2hpmjs6w9ce42q0ahj,,39.775436
TRUE,WHITE,CHABLIS PREMIER CRU COTE DE LECHET,DOMAINE SEBASTIEN DAMPT,3-1,BOTTLE,2021,90,,,Chablis 1er Cru ''Côte de Léchet'',Domaine Sébastien Dampt,wine_01h4pmmh2mt8h1e642h62ehtka,,52.14523
TRUE,WHITE,CHABLIS SÉLECTION MASSALE,DOMAINE SERVIN,,BOTTLE,2020,80,,,Vieilles Vignes Sélection Massale Chablis,Domaine Servin,wine_01gzr4ksq0pqsx6g5wk9essty6,1189446,42.30435
TRUE,WHITE,CHABLIS,DOMAINE SERVIN,3-1,BOTTLE,2020,60,,,Chablis,Domaine Servin,wine_01h4pmmh0s0yekmxyxfgd9af2y,,34.952385
TRUE,WHITE,CHABLIS PREMIER CRUFOURCHAUME,DOMAINE YVON & LAURENT VOCORET,,BOTTLE,2021,85,,,Chablis,Domaine Yvon & Laurent Vocoret,wine_01h4pmmh0w393zc87m0s5rx76g,,46.849976
TRUE,WHITE,BOURGOGNE ALIGOTE',DURRBACH MOIN,,BOTTLE,,65,,,Bourgogne Aligoté,Christian Morin,wine_01h0qzm1g4vjrnhs73s03nfqph,,24.184454
TRUE,WHITE,LES ARGILES BIO,FRANCOIS CHIDANE,3-2,BOTTLE,2020,65,,,Les Argiles Vouvray,François Chidaine,wine_01gzr4ksrx15k91md0y0xvsfcb,1180104,43.28991
TRUE,WHITE,CHABLIS,GILBERT PICQ,3-1,BOTTLE,2021,55,,,Chablis,Gilbert Picq,wine_01h0my5svd6jgsa972xnenb95c,,41.089466
TRUE,WHITE,RED STONE RIESLING TROCKEN,GUNDERLOCH,,BOTTLE,2018,35,,,Red Stone Riesling,Weingut Gunderloch,wine_01h4pmmh3a1mjkaw4jxkd9xs2p,,37.197567
TRUE,WHITE,BOURGOGNE HAUTESCÓTES DE NUITS BLANCDEMOSEILLE HUGUETTE,GUY & YVAN DUFOULEUR,3-1,BOTTLE,2020,60,,,Demoiselle Huguette Bourgogne Hautes-Côtes de Nuits Blanc,Guy & Yvan Dufouleur,wine_01h4pmmgwwzpqgha5ptq3vybve,,55.758987
FALSE,WHITE,DR. FISCHERRIESLING TROCKEN MOSEL,J. HOFSTÄTTER,FRIGO MESCITA,BOTTLE,2022,30,,,Riesling Trocken,J. Hettinger,wine_01h4pmmh3c6r3xdz8y4a6fhyhk,,17.316284
FALSE,WHITE,DR. FISCHER GEWÜRZTRAMINER,J. HOFSTÄTTER,FRIGO MESCITA,BOTTLE,2022,30,,,Gewürztraminer,J. Hofstätter,wine_01h0qzm1vg3y386agp77mh76qw,,37.7805
FALSE,WHITE,MALVASIA ISTRIANA,LEONARDO PALCIC,FR MES,BOTTLE,2019,40,,,La Malvasia di Milano,La Vigna di Leonardo,wine_01h0qsxnsx5a4f4m1w5xkce1gt,,18.181349
FALSE,WHITE,MALVASIA ISTRIANA PRIMO TAIO,LEONARDO PALCIC,FR MES,BOTTLE,2021,35,,,La Malvasia di Milano,La Vigna di Leonardo,wine_01h0qsxnsx5a4f4m1w5xkce1gt,,18.181349
TRUE,WHITE,ROUSSANNE CHEMINS DE BASSAC,LES CHEMINS DE BASSAC,SCAFFALE,BOTTLE,2021,40,,,Roussanne,Les Chemins de Bassac,wine_01h4pmmh405ec4dw8zvrw8ykqe,,49.5259
TRUE,WHITE,MOSEL HAUS KLOSTERBERG RIESLING QBA TROCKEN,MARCUS MOLITOR,3-2,BOTTLE,2020,40,,,Haus Klosterberg Riesling Trocken,Markus Molitor,wine_01h0r2ppyqb4q4sehfn8kbt41d,,49.072388
TRUE,WHITE,MOSEL HAUS KLOSTERBERG RIESLING QBA TROCKEN,MARCUS MOLITOR,,BOTTLE,2020,35,,,Haus Klosterberg Riesling Trocken,Markus Molitor,wine_01h0r2ppyqb4q4sehfn8kbt41d,,49.072388
TRUE,WHITE,PINOT GRIGIO CRU SELECTION,MARJAN SIMCIC,4-1,BOTTLE,2020,60,,,Pinot Grigio Cru Selection,Marjan Simčič,wine_01gzr4ksszazn8xc6vyvy11av7,9930782,34.40551
TRUE,WHITE,RIBOLLA,MARJAN SIMCIC,4-1,BOTTLE,2022,35,,,Ribolla,Marjan Simčič,wine_01gzr4kssypr8ssbgks1t13j1y,5908197,28.262596
FALSE,WHITE,CHARDONNAY,MARJAN SIMCIC,4-1,BOTTLE,2022,35,,,Chardonnay,Margan,wine_01h0r2ppmsndtdkxtw88pd494k,,24.66247
FALSE,WHITE,RIBOLLA CRU SELECTION,MARJAN SIMCIC,4-1,BOTTLE,2020,60,,,Rebula Cru Selection,Marjan Simčič,wine_01gzr4kssz8gv8db88f0kmf0a6,1169455,28.394575
TRUE,WHITE,RIBOLLA GIALLA OPOKA,MARJAN SIMCIC,4-2,BOTTLE,2019,80,,,Ribolla Opoka,Marjan Simčič,wine_01gzr4ksszk3k6hehdnm0ggrav,2364832,39.600693
TRUE,WHITE,SAUVIGNON BLANC CRU SELECTION,MARJAN SIMCIC,,BOTTLE,2020,60,,,Sauvignon Blanc Cru Selection,Marjan Simčič,wine_01gzr4ksszrgfa3gwb4sxk3e1f,2652315,32.97537
TRUE,WHITE,SAUVIGNON VERT OPOKA,MARJAN SIMCIC,4-2,BOTTLE,2019,85,,,Sauvignon Vert Opoka,Marjan Simčič,wine_01gzr4kst0e9pcx7xpnbfx4q9y,9176204,41.021214
TRUE,WHITE,EPIC,MEINKLANG,,BOTTLE,2022,35,,,Epic,Meinklang,wine_01h4pmmh53s16w7jwk71qdhhh7,,39.38495
TRUE,WHITE,CHARDONNAY PAYS D' OC,MOULIN DE GASSAC,3-2,BOTTLE,,25,,,Chardonnay,Moulin de Gassac,wine_01h4pmmh4j9kdkksda49p44hx0,,37.632378
TRUE,WHITE,BOURGOGNE ALIGOTE',PIERRICK BOULEY,3-1,BOTTLE,2020,60,,,Bourgogne Aligoté,Pierrick Bouley,wine_01h4pmmh12sfzfn5dgh87jmx4j,,49.70424
TRUE,WHITE,CHABLIS VIEILLES VIGNES,ROY PREVOSTAT & FILS,3-1,BOTTLE,2020,80,,,Chablis Vieilles Vignes,Roy Prevostat & Fils,wine_01h4pmmh0xrqk1e3ppdmt70em8,,58.28704
TRUE,WHITE,RIESLING TROCKEN BOP,SCHLOSS REINHARTHAUSEN,3-2,BOTTLE,2021,35,,,Riesling Trocken,Schloss Reinhartshausen,wine_01h4pmmh3cp3gb1k0v8hp6dj9m,,40.543003
TRUE,WHITE,POILLY FUME'BLANC,SERGE DAGUENEAU,3-1,BOTTLE,2022,60,,,Pouilly-Fumé Tradition,Serge Dagueneau & Filles,wine_01h4pmmh1kmk3hhtrm9h9vxya2,,37.949036
FALSE,WHITE,C'EST COMME CA,STEPHANE DELETTRE,SCAFFALE,BOTTLE,2020,35,,,La Combe de Malleval Condrieu,Michel & Stéphane Ogier,wine_01h0qsxnrcrtx0m8s8ggracaar,,17.733952
TRUE,WHITE,BLANC SEC DE SUDUIRAUT,SUDUIRAUT,3-2,BOTTLE,2019,45,,,Lions de Suduiraut Blanc Sec,Château Suduiraut,wine_01gzr4kt44g1e1vs7k1a1q2xr2,,41.745296
TRUE,WHITE,LAURENTCHÂTEAUNEUF DU PAPE,TARDIEU,,BOTTLE,2021,135,,,Châteauneuf-du-Pape Vieilles Vignes Blanc,Tardieu-Laurent,wine_01h4pmmgwjnbw0my9pyxmj7ngd,,26.450804
FALSE,WHITE,VDF BLANC CUVEE JOJO CHENIN,THIUBAUT HENRION,,BOTTLE,2019,60,,,Les Galuches Chenin,Thibaut Henrion,wine_01h4pmmh59aqcvarbmm3041fyh,,46.102604
TRUE,WHITE,SANCERRE FLORES,VINCENT PINARD,3-2,BOTTLE,2021,65,,,Florés Sancerre,Vincent Pinard,wine_01h4pmmh5ed5nzya83zg45rwg0,,48.798668
TRUE,WHITE,SCHIST HAPPENS,WEINGUT MICHI LORENZ,,BOTTLE,2021,75,,,Schist Happens,Michi Lorenz,wine_01h4pmmh5e4g00350mc29enp5f,,59.013275
FALSE,WHITE,RIESLING ALTE REBEN TROCKEN,WEINGUT MOLITOR,,BOTTLE,2019,55,,,Molitor Riesling Alte Reben Trocken,Molitor Rosenkreuz,wine_01h4pmmh5n3rc2wddenjxn5d5v,,32.515457
TRUE,WHITE,RIESLING NEUGBERG TROKEN,WEINGUT RAUEN,FRIGO MESCITA,BOTTLE,,40,,,Riesling Trocken,Weingut Familie Rauen,wine_01h4pmmh45d6hq7r4vsgzm5b6g,,33.111702
FALSE,RED,VANDARI FALANGHINA D.O.C.,ANTICA MASSERIA VENDITTI,,BOTTLE,2019,30,,,Vándari Barbera,Antica Masseria Venditti,wine_01h0my5rm1bj97zkywpyzwn3qa,,52.359955
TRUE,RED,COSTERA CANNONAU D.O.C.,ARGIOLAS,SCAFFALE,BOTTLE,,35,,,Costera Cannonau di Sardegna,Argiolas,wine_01gzr4ksrw6f44hg3y15z0dm2c,1161006,38.44552
TRUE,RED,BRUNELLO DI MONTALCINO S.O.C.G. POGGIO ALLE MURA,BANFI,BOTTIGLIERA,BOTTLE,2001,140,,,Poggio alle Mura Brunello di Montalcino,Banfi,wine_01gzr4ksga1y9bvbrackprhjgv,1133661,46.21132
FALSE,RED,BAROLO D.O.C.G.,LE COSTE DI MONFORTE,4 SCAFFALE 2 MAGAZZINO,BOTTLE,2018,95,,,Aceto di Barolo,Monforte Acerba,wine_01h0my5skdxrt25qtxv4nzxz40,,26.442966
FALSE,RED,DOGLIANI SUPERIORE PIANEZZO VIGNA SORI' SAN MARTINO D.O.C.G.,BOSCHIS FRANCESCO,4 SCAFFALE 2 MAGAZZINO,BOTTLE,2020,35,,,Sorì San Martino Dogliani Superiore,Boschis Francesco,wine_01gzr4kt61e1gcjdarcb30xr1x,,59.98071
TRUE,RED,AMA CHIANTI CLASSICO D.O.C.G.,CASTELLO DI AMA,SCAFFALE,BOTTLE,2020,45,,,Chianti Classico,Castello di Ama,wine_01gzr4ksd458e1b3jk0y3k9tsm,89884,39.175697
TRUE,RED,IL CHIUSO I.G.T.,CASTELLO DI AMA,SCATOLA,BOTTLE,2021,48,,,Il Chiuso,Castello di Ama,wine_01gzr4kss4482788s5dth7nehj,1182049,44.601013
TRUE,RED,SAN LORENZO GRAN SELEZIONED.O.C.G.,CASTELLO DI AMA,4 BOTTIGLIERA 2 SCATOLA,BOTTLE,2019,95,,,Chianti Classico Vigneto Gran Selezione San Lorenzo,Castello di Ama,wine_01gzr4ksny6gja7fn0tpxa4jdv,2411943,40.374287
TRUE,RED,SAN LORENZO GRAN SELEZIONED.O.C.G.,CASTELLO DI AMA,BOTTIGLIERA,MAGNUM,2019,190,,,Chianti Classico Vigneto Gran Selezione San Lorenzo,Castello di Ama,wine_01gzr4ksny6gja7fn0tpxa4jdv,2411943,40.374287
TRUE,RED,RABAJA' BAS BARBARESCO D.O.C.G.,CASTELLO DI VERDUNO,SCAFFALE,BOTTLE,2019,85,,,Rabajà Barbaresco,Castello di Verduno,wine_01gzr4kss4gwk9ngw3nr5wy7nt,1206280,47.25079
TRUE,RED,BARBARESCO D.O.C.G. BIO,CERETTO,BOTTIGLIERA,BOTTLE,2020,80,,,Barbaresco,Ceretto,wine_01gzr4kt6e8t3kr0338y8df3ry,,33.95253
TRUE,RED,BARBERA D'ALBA D.O.C. PIANA BIO,CERETTO,BOTTIGLIERA,BOTTLE,2021,35,,,Barbera d''Alba Piana,Ceretto,wine_01gzr4kt6eee3etext8jsxcaw1,,39.462517
TRUE,RED,BAROLO D.O.C.G. BIO,CERETTO,BOTTIGLIERA,BOTTLE,2019,95,,,Barolo,Ceretto,wine_01gzr4kt6dg12ga74cyqmag57t,,32.805573
TRUE,RED,NEBBIOL0 D'ALBA D.O.C. BERNARDINA BIO,CERETTO,BOTTIGLIERA,BOTTLE,2021,45,,,Nebbiolo d''Alba Bernardina,Ceretto,wine_01gzr4kt6e57qeprbbe7k7g6rg,,41.356678
TRUE,RED,LAGREIN D.O.C. RISERVA MANTSCH,COLTERENZIO,4 SCAFFALE 2 MAGAZZINO,BOTTLE,2020,38,,,Mantsch Lagrein Riserva,Colterenzio (Schreckbichl),wine_01gzr4kt492y5tscpcks9sqjjr,,41.651196
TRUE,RED,PINOT NERO D.O.C. RISERVA ST. DANIEL,COLTERENZIO,4 SCAFFALE 2 MAGAZZINO,BOTTLE,2020,38,,,St. Daniel Pinot Nero (Blauburgunder) Riserva,Colterenzio (Schreckbichl),wine_01gzr4kskv33cewkey32djev36,11193,38.42353
TRUE,RED,PINOT NERO D.O.C. RISERVA ST. DANIEL,COLTERENZIO,SOPRA FRIGO,MAGNUM,2020,85,,,St. Daniel Pinot Nero (Blauburgunder) Riserva,Colterenzio (Schreckbichl),wine_01gzr4kskv33cewkey32djev36,11193,38.42353
TRUE,RED,DOLCETTO D’ALBA D.O.C.,GIUSEPPE CORTESE,BOTTIGLIERA-MAG,BOTTLE,,25,,,Dolcetto d''Alba,Giuseppe Cortese,wine_01h0my5t8pwpex66k73s0xvcr6,,42.31029
FALSE,RED,SCHIAVA GRANITO,HARTMANN DONA',SCAFFALE,BOTTLE,2020,48,,,Liquid Stone Phyllit Vernatsch - Schiava,Hartmann Donà,wine_01h0qzm1v55hz29wndfg36hhtq,,35.49889
TRUE,RED,PINOT NERO RISERVA MAZON D.O.C..,HOFSTATTER,4 SCAFFALE 2 MAGAZZINO,BOTTLE,2020,75,,,Mazon Riserva,J. Hofstätter,wine_01h0qzm1vf1xzamprrnxx0043s,,32.50114
TRUE,RED,PINOT NERO,LES CRETES,,BOTTLE,2022,35,,,Pinot Nero,Les Crêtes,wine_01gzr4ksqf47yd69xpd2asd7zy,95237,33.454823
TRUE,RED,SYRAH D.O.P. COTEAU LA TOUR,LES CRETES,,BOTTLE,2019,40,,,Coteau la Tour Syrah,Les Crêtes,wine_01gzr4ksqfeqm5yqe8axz5z57p,1277431,42.71081
TRUE,RED,PINOT NERO COSTANERA NERO VENETO I.G.T. BIO,MASARI,4 SCAFFALE 2 MAGAZZINO,BOTTLE,,35,,,Costa Nera Pinot Nero,Masari,wine_01gzr4ktrxxdcshbhqt7wj25kw,,42.245747
TRUE,RED,AMARONE DELLA VALPOLICELLA CLASSICO D.O.C. COSTASERA,MASI,SCAFFALE,BOTTLE,2003,195,,,Costasera Amarone della Valpolicella Classico,Masi,wine_01gzr4ksd1hjdw9h6nhb6ar8vq,21929,41.279816
TRUE,RED,AMARONE DELLA VALPOLICELLA CLASSICO D.O.C. COSTASERA,MASI,SCAFFALE,BOTTLE,2004,190,,,Costasera Amarone della Valpolicella Classico,Masi,wine_01gzr4ksd1hjdw9h6nhb6ar8vq,21929,41.279816
TRUE,RED,AMARONE DELLA VALPOLICELLA CLASSICO D.O.C.G. COSTASERA /18,MASI,SCAFFALE,BOTTLE,2017,95,,,Costasera Amarone della Valpolicella Classico,Masi,wine_01gzr4ksd1hjdw9h6nhb6ar8vq,21929,41.279816
TRUE,RED,AMARONE DELLA VALPOLICELLA CLASSICO RISERVA D.O.C. COSTASERA,MASI,SCAFFALE,BOTTLE,2005,220,,,Costasera Amarone della Valpolicella Classico Riserva,Masi,wine_01gzr4kt1x6ajfw8xnmfax6dmj,,41.892075
TRUE,RED,CAMPOFIORIN ROSSO DEL VERONESE I.G.T. DOPPIA FERMENTAZIONE,MASI,SCAFFALE 3,BOTTLE,,35,,,Campofiorin Rosso Veronese,Masi,wine_01gzr4ksd16ze9p74vmrtf9jdg,21948,38.7638
TRUE,RED,SASSIROSSI ISONZO D.O.C.,MASÙT DA RIVE,4 SCAFFALE 2 MAGAZZINO,BOTTLE,2021,35,,,Sassirossi,Masut Da Rive,wine_01h0my5shydr4daz8g7ac3ddeb,,47.711765
TRUE,RED,AMMONITE ROSSO I.G.T.,MONTE BRECALE,,BOTTLE,2022,30,,,Ammonite Rosso,Monte Brècale,wine_01h0my5t1de870zr6tjryrs922,,48.41142
TRUE,RED,CHIANTI COLLI FIORENTINI D.O.C.G.,OTTOMANI,SCAFFALE,BOTTLE,,30,,,Chianti Colli Fiorentini,Ottomani,wine_01gzr4ksy4xes34hq4jj76bf2g,,48.043823
TRUE,RED,L'ANFORA VARIETA' ANTICHE TOSCANA I.G.T. BIO,OTTOMANI,SCAFFALE,BOTTLE,,65,,,Anfora,Ottomani,wine_01gzr4ksy6gn9rkh204knpj13v,,36.441307
TRUE,RED,MERLOT,PARASCHOS,,BOTTLE,2017,60,,,Merlot,Paraschos,wine_01gzr4kskwznqcyf2gre3sz2w5,2275594,30.300228
TRUE,RED,AMARONE DELLA VALPOLICELLA VIGNA GARZON D.O.C.G.,PIEROPAN,BOTTIGLIERA,BOTTLE,2017,110,,,Amarone della Valpolicella Vigna Garzon,Pieropan,wine_01gzr4ksj47kx7njz3ysy4z1cg,1923854,50.573734
TRUE,RED,VALPOLICELLA SUPERIORE S.O.C. RUBERPAN,PIEROPAN,BOTTIGLIERA,BOTTLE,2020,40,,,Ruberpan Valpolicella Superiore,Pieropan,wine_01gzr4ksj4spxbkch6na5t1j2t,1198253,48.512222
TRUE,RED,ETNA ROSSO CIAURIA D.O.C.,PIETRO CACIORNIA,4 SCAFFALE 2 MAGAZZINO,BOTTLE,2021,45,,,Ciaurìa Etna,Pietro Caciorgna,wine_01h0my5sbde80h27wtz81q6fwh,,32.261356
TRUE,RED,CHIANTI CLASSICO D.O.C.G.,POGGIO SCALETTE,SCAFFALE,BOTTLE,2021,30,,,Chianti Classico,Poggio Scalette,wine_01h0qzm20k9anc75adqv7wp7mm,,42.69748
TRUE,RED,VALPOLICELLA D.O.C. SUPERIORE,QUINTARELLI GIUSEPPE,SCAFFALE,BOTTLE,2015,180,,,Valpolicella Classico Superiore,Quintarelli Giuseppe,wine_01gzr4kt26p0r5e9wfsf3adhv2,,45.47838
TRUE,RED,REFOSCO DAL PEDUNCOLO ROSSO COLLI ORIENTALI D.O.C.,RONCO SEVERO,4 SCAFFALE 2 MAGAZZINO,BOTTLE,2019,55,,,Refosco dal Peduncolo Rosso,Ronco Severo,wine_01gzr4kskfjz4w4bajenyn0wmb,2023964,57.015923
TRUE,RED,VALPOLICELLA CLASSICO D.O.C.,RUBINELLI VAJOL,BOTTIGLIERA-MAG,BOTTLE,,30,,,Valpolicella Classico,Rubinelli Vajol,wine_01h4pmmge6asfc26sssyhzqky1,,58.066193
TRUE,RED,CANNONAU DI SARDEGNA INKIBI,SARAJA,SCAFFALE,BOTTLE,2021,25,,,Inkibi,Saraja,wine_01h4pmmfwybwz9gqnr894fb4cg,,46.3309
FALSE,RED,FRAPPATO D.O.C.,TASCA D'ALMERITA,,BOTTLE,2021,30,,,Lu Rappaio Primitivo di Manduria,Masca del Tacco,wine_01gzr4kssh61aw8h6kn1jb2bj4,3872480,17.250584
TRUE,RED,PLANTADITSCH KALTERERSEE CLASSICO SUPERIORE,TENUTA KLOSTERHOF,SCAFFALE,BOTTLE,,30,,,Plantaditsch Kalterersee Classico Superiore,Klosterhof,wine_01gzr4ksdjf03sqeadrf4m5qkt,2646244,53.344116
TRUE,RED,BLAUBURGUNDER D.O.C.,TENUTA ROTTENSTEINER,4 SCAFFALE 2 MAGAZZINO,BOTTLE,2021,30,,,Blauburgunder,Rottensteiner,wine_01h0my5t3c9jztkkdjmd11hg8z,,34.95379
FALSE,RED,LAS LAGREIN TRENTINO BIO D.O.C.,TOBLINO,,BOTTLE,2018,50,,,Lagrein Dunkel,Cantina Toblino,wine_01h0my5rkqzca0g78zq4442fsz,,28.952946
TRUE,RED,RIPASSO VALPOLICELLA JAGO CLASSICO SUPERIORE D.O.C.,VILLA SPINOSA,4 SCAFFALE 2 MAGAZZINO,BOTTLE,2018,35,,,Jago Valpolicella Ripasso Classico Superiore,Villa Spinosa,wine_01gzr4kt2zbw2my3v34wq0f78n,,52.563824
TRUE,RED,RIPASSA VALPOLICELLA RIPASSO D.O.C. SUPERIORE,ZENATO,SCAFFALE,BOTTLE,2015,45,,,Ripassa Valpolicella Ripasso Superiore,Zenato,wine_01gzr4ksd1fnr67jf8jfan1y6x,1380075,50.72162
FALSE,RED,HAUTMEDOC CRU BOURGEOUS,C. PALOUMEY,4 SCAFFALE 2 MAGAZZINO,BOTTLE,2016,70,,,Corton Grand Cru,Château Corton C,wine_01gzr4ktxd6pjhcqwtd2henhth,,13.758859
TRUE,RED,LE BRIO DE CANTENAC BROWN MARGAUX,CHATEAU CANTENAC BROWN,SCAFFALE 2,BOTTLE,2016,120,,,BriO de Cantenac Brown Margaux,Château Cantenac Brown,wine_01gzr4ktngw50hkf9bx7b8xfym,,63.270073
TRUE,RED,BORDEAUX SUPÉRIEUR RESERVE DU CHATEAU,CHÂTEAU PEY LA TOUR,SCAFFALE 2,BOTTLE,2018,60,,,Réserve du Château Bordeaux Supérieur,Château Pey La Tour,wine_01gzr4kt1jr19ns7mqc0m7aade,,50.79333
FALSE,RED,CHATEAUNEUFDUPAPE ROUGE,CLOS ST. JEAN,4 SCAFFALE 2 MAGAZZINO,BOTTLE,2020,110,,,Rouge,Clos St. Thomas,wine_01gzr4ksdaeyzwp7fwffazjevg,1237579,24.921967
FALSE,RED,TOURAINE CHENONCEAUX ROUGE,DOMAINE DU HAUT PERRON,4 SCAFFALE 2 MAGAZZINO,BOTTLE,2015,45,,,Touraine Chenonceaux Rouge,Domaine des Caillots,wine_01h4pmmgwptk7we82g3e1hazwy,,27.268423
TRUE,RED,ROUGE,DOMAINE GALLETY,4 SCAFFALE 2 MAGAZZINO,BOTTLE,2017,55,,,Côtes du Vivarais Rouge,Domaine Gallety,wine_01h0sq485y8w10zfy591j99wt9,,31.194675
TRUE,RED,LES GOLLARDES SAVIGNY LES BEAUNE AOC,DOMAINE GUY & YVAN DUFOULEUR,SCAFFALE 3,BOTTLE,2018,65,,,Savigny-lès-Beaune ''Les Gollardes'' Rouge,Guy & Yvan Dufouleur,wine_01gzr4ks6h9wxwjhxa6qaj974f,2037264,66.131676
TRUE,RED,CLOS MAIRE ARBOIS,DOMAINE RATTE,4 SCAFFALE 2 MAGAZZINO,BOTTLE,,55,,,Clos Marie Arbois,Domaine Ratte,wine_01h4pmmgxaacsajar8mhd33qzw,,43.99885
TRUE,RED,COTEAUX BOURGUIGNOS,DOMAINE STEPHANE MAGNIEN,SCAFFALE 2,BOTTLE,2021,80,,,Coteaux Bourguignons Tradition,Domaine Stephane Magnien,wine_01h4pmmgxbxqrfxcxkneexdm26,,44.41609
TRUE,RED,QUINTESSENCE BOURGOGNE,JEINNIARD ALAIN,SCAFFALE,BOTTLE,2019,65,,,Quintessence Pinot Noir,Domaine Alain Jeanniard,wine_01h4pmmgxh7tf4sbv3hgp9qrwq,,36.11424
FALSE,RED,CABERNET SAUVIGNON,MARJAN SIMCIC,SCAFFALE 2,BOTTLE,2018,35,,,Cabernet Sauvignon,Margan,wine_01h0r2ppmswc9x0233zqwcwpvm,,26.79551
TRUE,RED,BOURGOGNE PINOT NOIR,NICOLAS ROSSIGNOL,4 SCAFFALE 2 MAGAZZINO,BOTTLE,2019,70,,,Bourgogne Pinot Noir,Domaine Nicolas Rossignol,wine_01h0my5sw92xkkpsgbd4zv613h,,38.749577
TRUE,RED,VOLNAY CLOS DE ANGELES 1er Cru,NICOLAS ROSSIGNOL,SCAFFALE,BOTTLE,2019,280,,,Volnay 1er Cru ''Clos des Angles'',Domaine Nicolas Rossignol,wine_01h4pmmgxrq5rkencyg3gs7vqc,,47.266266
FALSE,RED,MONTILLA MORILES DON PX GRAN RISERVA,TORO ALBALA',BOTTIGLIERA,BOTTLE,1999,90,,,Gran Reserva,Oro del Toro,wine_01gzr4ksm2j1sj6f8z660cy368,6644702,28.690802
TRUE,RED,BANLIEUE ROUGE,YVAN BERNARD,,BOTTLE,2022,50,,,Banlieue Rouge,Yvan Bernard,wine_01gzr4ksge0kx37w2b1t724mcv,6403055,47.56957
273,,,,,,,,,,,,,,
