external_id,name_one,name_two,winery_name,size,vintage,price,quantity,country
1,,Demi: 375 ml,,,,,,
2,Rosé,Champagne,Ruinart,375 ml,,"€ 85,00",23,FRA
3,Blanc de Blanc,Champagne ,Ruinart,375 ml,,"€ 80,00",19,FRA
4,,Venegazzù della Casa ,Loredan e Gasperin,375 ml,17,"€ 25,00",,ITA
5,,Santa Maddalena ,Cantina di Bolzano,375 ml,21,"€ 15,00",,ITA
6,,Lagrein ,Cantina di Bolzano,375 ml,’21 ‘22,"€ 15,00",,ITA
7,,Terlaner ,Cantina di Terlano,375 ml,‘21,"€ 24,00",,ITA
8,,Blauburgunder Meczan ,Tenuta J. Hofstätter,375 ml,21,"€ 18,00",,ITA
9,,Cabernet sauvignon ,Lis Neris,375 ml,’19 '20,"€ 18,00",,ITA
10,,Valpolicella ripasso Campofiorin ,Masi,375 ml,20,"€ 23,00",,ITA
11,,Barbaresco Dop ,Gaja,375 ml,‘19,"€ 130,00",10,ITA
12,,Ripassa,Zenato,375 ml,19,"€ 27,00",,ITA
13,Classico,Amarone classico,Zenato,375 ml,17,"€ 42,00",,ITA
14,,Gewurztraminer Ceslar,Cantina di Bolzano,375 ml,‘21,"€ 16,00",4,ITA
15,,,,,,,,
16,,Champagne & ...,,,,,,
17,Cuvée Brut,Champagne ,Laurent Perrier,,,"€ 80,00",2,FRA
18,Millesimato,Champagne ,Laurent Perrier,,‘04,"€ 95,00","1 ‘04, 2 ‘08",FRA
19,Millesimato,Champagne ,Laurent Perrier,Magnum,8,,2,Fra
20,Cuvée Rosé,Champagne ,Laurent Perrier,,,"€ 110,00",3,FRA
21,Cuvée Rosé,Champagne ,Laurent Perrier,Magnum,,"€ 230,00",2,FRA
22,Rosé ,Champagne ,J.M. Gobillard et Fils,,,,13,FRA
23,Rosé Millesimé,Champagne,J.M. Gobillard et Fils,Magnum,‘14,,2,FRA
24,Blanc de Blanc,Champagne,J.M. Gobillard et Fils,,,"€ 80,00",83,FRA
25,Blanc de Blanc Brut,Champagne,J.M. Gobillard et Fils,Magnum,,"€ 160,00",14,FRA
26,Privilege Des Moines,Champagne,J.M. Gobillard et Fils,,,"€ 80,00",10,FRA
27,Blanc de Noirs Brut,Champagne,J.M. Gobillard et Fils,,,"€ 80,00",3,FRA
28,Brut,Champagne ,Gimonnet & Fils,,,"€ 80,00",,FRA
29,,Champagne ,Dom Perignon,Magnum,10,"€ 850,00",1,FRA
30,,Champagne,Dom Perignon ,,2008,,1,Fra
31,,Champagne,Dom Perignon,,‘10,"€ 400,00",1,FRA
32,,Champagne ,Dom Perignon,,12,"€ 380,00",2,FRA
33,,Champagne ,Dom Perignon,,‘13,"€ 380,00",12,FRA
34,Brut Royale Reserve,Champagne ,Philipponnat,,,"€ 85,00",2,FRA
35,Brut,Champagne ,Petrois Moriset,,,"€ 80,00",2,FRA
36,Assemblage,Champagne ,Petrois Moriset,,,"€ 90,00",1,FRA
37,,Champagne 168 edition,Krug,,,"€ 450,00",,FRA
38,Grande Cuvée,Champagne,Krug,,‘17,"€ 450,00",,FRA
39,,Champagne ,Krug,Magnum,,"€ 900,00","2 166 ed, 2 Grande cuvee pre 08",FRA
40,Reserve Imperiale,Champagne ,Moet & Chandon,Magnum,,"€ 210,00",4,FRA
41,Collection 244,Champagne ,Roederer,,,"€ 110,00","10 244, 3 242, 2 243",FRA
42,Collection 243,Champagne ,Roederer,Magnum,,"€ 220,00",5,FRA
43,,Champagne Cristal,Roederer,,13,"€ 420,00",1,FRA
44,,Champagne Collection 242,Roederer,,,"€ 95,00",,FRA
45,,Champagne Collection 242 ,Roederer,Magnum,‘17,"€ 160,00",,FRA
46,Vintage Rosé,Champagne ,Veuve Cliquot,,‘12,"€ 140,00",6,FRA
47,Cuvée Saint Petersbourg,Champagne,Veuve Cliquot,,,"€ 90,00",6,FRA
48,Blanc de Blanc,Champagne ,Ruinart,,,"€ 140,00",1,FRA
49,Blanc de Blanc,Champagne ,Ruinart,Magnum,,"€ 320,00",5,FRA
50,Rosé,Champagne ,Ruinart,,,"€ 140,00",13,FRA
51,Rosé,Champagne ,Ruinart,Magnum,,"€ 320,00",9,FRA
52,Special Cuvée ,Champagne ,Bollinger,,,"€ 110,00",27,FRA
53,Special Cuvée ,Champagne ,Bollinger,Magnum,,"€ 240,00",6,FRA
54,La Grande Annéé,Champagne ,Bollinger,,,"€ 190,00",13 ‘14,FRA
55,Rosé,Champagne ,Bollinger,,,"€ 110,00",4,FRA
56,B13,Champagne ,Bollinger,,,"€ 240,00",,FRA
57,Special cuvee 007,Champagne ,Bollinger,,,"€ 130,00",9,FRA
58,,Champagne ,Bollinger,Magnum,,"€ 230,00",,FRA
59,Extra brut,Champagne ,Gosset,,,"€ 90,00",1,FRA
60,Brut Nature,Champagne ,Dechannes,,,"€ 85,00",19,FRA
61,N.7 ,Champagne,Ayala,,,,2,Fra
62,Grand Brut,Champagne,Perrier et Jouet,Magnum,,,1,Fra
63,Rare,Champagne Millesime ,Rare,,,,1,FRA
64,,Metodo Classico,,,,,,
65,Grande Cuvée Alma Brut,Franciacorta ,Bellavista,,,"€ 80,00",12,ITA
66,Grande Cuvée Alma Brut,Franciacorta ,Bellavista,Magnum,,"€ 150,00",1,ITA
67,Cuvee,Franciacorta,Bellavista,Magnum,2005,,1,ITA
68,Cuvée Prestige,Franciacorta ,Ca' del Bosco,,,"€ 80,00",6,ITA
69,Cuvée Prestige,Franciacorta,Ca' del Bosco,Magnum,,"€ 160,00",,ITA
70,Brut,Franciacorta,Enrico Gatti,,,"€ 50,00",173,ITA
71,Brut,Franciacorta ,Enrico Gatti,Magnum,,"€ 100,00",2,ITA
72,Prima Cuvée Brut,Franciacorta ,Monte Rossa,,,"€ 54,00",,ITA
73,Prima Cuvée Brut,Franciacorta ,Monte Rossa,Magnum,,"€ 100,00",,ITA
74,Brut P.R. Blanc de Blancs,Franciacorta,Monte Rossa,,,,,ITA
75,Satèn,Franciacorta ,Monte Rossa,Magnum,,"€ 80,00",,ITA
76,Cabochon Fuoriserie ,Franciacorta,Monte Rossa,,,"€ 100,00","7 n. 023, 5 n. 024",ITA
77,Animante Extra Brut,Franciacorta,Barone Pizzini,,,"€ 60,00",8,ITA
78,Golf 1927 Brut,Franciacorta ,Barone Pizzini,,,"€ 65,00",4,ITA
79,Satèn,Franciacorta,Barone Pizzini,,19,,1,ITA
80,Brut,Spumante ,Maso Martis,,,"€ 60,00",16,ITA
81,Brut Millesimato,Spumante ,Maso Martis,Magnum,16,"€ 105,00",1,ITA
82,Perlé,Spumante Ferrari ,Ferrari,,18,"€ 65,00",6,ITA
83,Perlé,Spumante Ferrari ,Ferrari,Magnum,12,"€ 160,00",6,ITA
84,,Spumante riserva del fondatore ,Giulio Ferrari,Magnum,8,"€ 420,00",1,ITA
85,,Spumante riserva del fondatore,Giulio Ferrari,,8,"€ 210,00","1 ‘08, 1 ‘10",ITA
86,,Spumante riserva Lunelli,Giulio Ferrari,,6,"€ 250,00",,ITA
87,Cuvée Voyage,Spumante ,Frescobaldi,,,"€ 38,00",3,ITA
88,Brut,Spumante Riesling,P. J. Kuhn,,‘19,"€ 50,00",15,DEU
89,Extra Brut,Spumante Lamm n.12,Winkler,,,"€ 65,00",7,ITA
90,Extra Brut,Spumante,Loredan Gasparini,,1979-2019,"€ 45,00",,ITA
91,,Prosecco,,,,,,
92,Extra Dry,Valdobbiadene DOCG Prosecco Superiore,Agostinetto,,,"€ 25,00",82,
93,,Valdobbiadene DOCG Vigna del Baffo,Agostinetto,,,,4,
94,Dry,Cartizze Valdobbiadene DOCG Prosecco Superiore,Agostinetto,,21,"€ 48,00","9 ‘21, 11 ‘20, 27 ’22",
95,Brut,"Valdobbiadene Prosecco Superiore DOCG ""Bareta""",Merotto,,,"€ 30,00",42,
96,Extra Dry,"Valdobbiadene Prosecco Superiore DOCG ""Castè""",Merotto,,,"€ 30,00",,
97,Brut,Valdobbiadene Prosecco Superiore DOCG,Nino Franco,,,"€ 30,00",24,
98,Millesimato Brut,Prosecco ,Ardenghi,,,"€ 30,00",,
99,Brut,"Valdobbiadene Prosecco Superiore DOCG ""Fagher""",Le Colture,,,"€ 25,00",,
100,Brut,"Valdobbiadene Prosecco Superiore DOCG ""Fagher""",Le Colture,Magnum,,"€ 50,00",16,
101,Extra Dry,Prosecco ,Borgo Antico,,,"€ 28,00",,
102,Brut,Valdobbiadene DOCG ,Ra Spondes de Edy,,,,44,
103,,,,,,,,
104,,Vini Bianchi,,,,,,
105,,Trentino Alto Adige,,,,,,
106,,"Gewurztraminer ""Nussbaumer""",Tramin,,20,"€ 60,00",12,
107,,Gewurztraminer,Elena Walch,,,"€ 27,00","27 ‘22, 1 ‘21",
108,,Gewurztraminer ,Alois Lageder,,,"€ 30,00",2 ‘21 5 ‘22,
109,,Gewurztraminer ,Franz Haas,,20,"€ 48,00",17,
110,,"Gewurztraminer ""Kolbenhof""",Tenuta J. Hofstätter,,,"€ 70,00","3 ‘18, 3 ‘19, 13 ‘21 ",
111,,Gewurztraminer,Abbazia di Novacella,,,"€ 33,00","3 ‘21, 8 ‘22",
112,,Gewurtztraminer ,Pacherhof,,21,"€ 45,00",8,
113,,Gewurtztraminer ,Kofererhof,,‘21,"€ 38,00",4,
114,,"Gewurtztraminer ""Ceslar""",Cantina di Bolzano,,21,"€ 28,00",8,
115,,Manna,Franz Haas,,,"€ 64,00","2 ‘18, 3 ‘19, 4 ‘20",
116,,Manna ,Franz Haas,Magnum,20,"€ 120,00",20,
117,,Kerner ,Abbazia di Novacella,,’20,"€ 30,00",,
118,,"Kerner ""Praepositus""",Abbazia di Novacella,,,"€ 42,00","9 ‘20, 19 ‘22",
119,,Kerner Kofererhof,Kofererhof,,,"€ 39,00","1 ‘21, 14 ‘22",
120,,Müller Thurgau,Elena Walch,,21,"€ 23,00",4,
121,,"Pinot bianco ""Moriz""",Tramin,,,"€ 30,00","5 ‘20, 5 ‘22",
122,,"Pinot bianco ""Kristallberg""",Elena Walch,,22,"€ 42,00","19 ‘22, 2 ‘20 ",
123,,Pinot bianco ,Elena Walch,,,"€ 24,00","2 ‘21, 32 ‘22",
124,,Pinot grigio ,Tramin,,22,"€ 27,00",11,
125,,"Riesling ""Castel Ringberg""",Elena Walch,,22,"€ 42,00",32,
126,,Riesling,Pacherhof,,,"€ 45,00","5 ‘21, 5 ‘22",
127,,Sauvignon ,Tramin,,22,"€ 30,00",10,
128,,Sauvignon,Elena Walch,,22,"€ 27,00",15,
129,,Souvignier Gris Piwi ,Thomas Niedermayr,,18,"€ 40,00",3,
130,,Weissburgunder 76 ,Thomas Niedermayr,,‘17,"€ 50,00",3,
131,,Riesling R,Kofererhof,,22,,12,
132,,Sylvaner,Kofererhof,,,"€ 29,00","2 ‘20, 6 ‘22",
133,,Müller Thurgau,Kofererhof,,19 '20,"€ 26,00",,
134,,Sylvaner ,Pacherhof,,22,"€ 36,00",8,
135,,Sylvaner,Abbazia di Novacella,,,"€ 27,00","2 ‘19, 4 ‘21, 11 ‘22",
136,,Sylvaner Stiftsgarten ,Abbazia di Novacella,,‘19,"€ 98,00",6,
137,,Terlaner Doc ,Cantina di Terlano,,‘22,"€ 39,00",3,
138,,,,,,,,
139,,Friuli Venezia Giulia,,,,,,
140,Sharis iGT,Chardonnay,Livio Felluga,,22,"€ 36,00",3,
141,,Chardonnay ,Silvio Jermann,,’21,"€ 40,00",6,
142,,Chardonnay ,Borgo Conventi,,21,"€ 19,00",2,
143,,Luna di Ponca,Borgo Conventi,Magnum,19,,1,
144,,Chardonnay Zittelle,Miani,,20,"€ 110,00",4,
145,,Sauvignon ,Schioppetto,,18,"€ 42,00","1 ‘18, 8 ‘21",
146,,Sauvignon,Silvio Jermann,,,"€ 42,00","1 ‘21, 6 ‘22",
147,,Sauvignon ,Miani,,18,"€ 110,00",6,
148,,Sauvignon Zittelle,Miani ,,19,"€ 110,00","5 ‘19, 6 ‘21",
149,,Sauvignon,Miani Zitelle,Magnum,‘17,"€ 220,00",1,
150,,Vintage Tunina,Silvio Jermann,,20,"€ 70,00",,
151,,Vintage Tunina ,Silvio Jermann,Magnum,,"€ 150,00","1 ‘20, 1 ‘21",
152,,Friulano ,Miani ,,22,"€ 56,00",4,
153,,Friulano DOC Collio Ronco delle Cime,Venica,,‘21,"€ 60,00",15,
154,,Friulano ,Schioppetto,,21,"€ 42,00",15,
155,,Friulano ,Simon Komjanc,,19,"€ 21,00",,
156,,Friulano Isonzo del Friuli DOC,Borgo Conventi,,‘21,"€ 21,00",8,
157,,Friulano,Az. Agricola Toros,,22,"€ 45,00",10,
158,,Friulano,Meroi,,21,"€ 50,00",5,
159,,Ribolla gialla,Damijan,,19,"€ 55,00",,
160,,Ribolla gialla ,La Viarte,,‘21,"€ 39,00",5,
161,,Ribolla gialla ,Tenuta Stella,,19,,1,
162,,Ribolla gialla collio,Ronco Blanchis,,‘22,,6,
163,,Pinot grigio,Borgo Conventi,,21,"€ 21,00",10,
164,,Pinot grigio,Az. Agricola Toros,,,"€ 60,00","2 ‘19, 9 ‘21 ",
165,,Pinot bianco,Az. Agricola Toros,,21,"€ 60,00",5,
166,,Sauvignon Ronco delle Mele DOC Collio,Venica,,21,"€ 80,00",11,
167,,Nekaj ,Damijan,,18,"€ 63,00",1,
168,,Bianco Kaplja Tocai,Damijan,,18,"€ 65,00",4,
169,,Malvasia La Mont di Zuc ,Miani,,19,"€ 75,00",5,
170,,Ograde Bianco ,Skerk,,‘20,"€ 70,00",6,
171,,Vitovska,Kante,,19,,1,
172,,Uve Carate Bianco Doc ,Castello di Buttrio,,‘20,"€ 75,00",6,
173,,Malvasia ,Tenuta Stella,,21,,1,
174,,Malvasia ,Schioppetto,,‘21,"€ 42,00",5,
175,,Malvasia,Amphoreus Paraschos,,19,"€ 75,00",4,
176,,,,,,,,
177,,Veneto,,,‘19,,,
178,Classico,Soave classico Montesei ,Le Battistelle,,‘22,"€ 18,00",10,
179,,Soave ,Bertani,,22,"€ 33,00",4,
180,Cuvée Speciale ,Soave ,Az. Agr. Inama,,‘21,,3,
181,Grande Cuvée,Soave Classico DOC I Palchi Foscarino,Az. Agr. Inama,,,"€ 80,00","12 ‘19, 26 ‘20",
182,Grande Cuvée,Soave Classico DOC I Palchi Foscarino,Az. Agr. Inama,Magnum,,"€ 160,00","2 ‘19, 3 ‘20",
183,,Soave Classico DOC Foscarino,Az. Agr. Inama,,,"€ 50,00","10 ‘21, 2 ‘20 54 ‘21",
184,,Soave Classico DOC Foscarino,Az. Agr. Inama,Magnum,‘20,"€ 110,00",4,
185,,Soave Classico Du Lot Collection ,Az. Agr. Inama,,‘18,"€ 75,00",11,
186,,Soave Classico Du Lot Collection ,Az. Agr. Inama,Magnum,‘18,"€ 140,00",3,
187,,Sauvignon Vulcaia Fumé ,Az. Agr. Inama,,,"€ 75,00","18 ‘20, 6 ‘21",
188,,Sauvignon Vulcaia Fumé ,Az. Agr. Inama,Magnum,‘20,"€ 140,00",4,
189,,Lugana Oasi Mantellina,Allegrini,,22,"€ 33,00",5,
190,,Incrocio Manzoni,Serafini Vidotto,,20 21,"€ 26,00",,
191,,Ribolla Gialla ,Loredan Gasparini,,‘22,"€ 35,00",,
192,,Bucce,Marco Mosconi,,,,"2 ‘19, 3 ‘20",
193,,Vivo vino bianco,De Martin A &G,,23?,,6,
194,,Pinot Grigio ,Marco Levis,,‘20,,5,
195,,,,,,,,
196,,Umbria,,,,,,
197,,Cervaro della Sala,Marchesi Antinori,,13,"€ 120,00",2,
198,,Cervaro della Sala ,Marchesi Antinori,,14,"€ 120,00",,
199,,,,,,,,
200,,Puglia,,,,,,
201,,Fiano Salento IGP,Vespa Vignaioli,,,"€ 18,00","1 ‘19, 1, ‘18",
202,,,,,,,,
203,,Sardegna,,,,,,
204,,Capichera Bianco IGT,Capichera,,5,"€ 52,00",2,
205,,"Vermentino di Sardegna ""Cala Silente""",Santadi,,19,"€ 21,00",2,
206,,Vernaccia Extra ,Produttori riuniti,,68,,1,
207,,,,,,,,
208,,Piemonte,,,,,,
209,,Rossj Bass Langhe DOP ,Gaja,,21,"€ 104,00",4,
210,,Rossj Bass Langhe DOP ,Gaja,,‘22,"€ 90,00",6,
211,,Gavi di Gavi,Nicola Bergaglio,,20,"€ 21,00",,
212,,,,,,,,
213,,Marche,,,,,,
214,,Verdicchio di Jesi Superiore Massaccio ,Tenute San Sisto,,20,"€ 28,00",17,
215,,Pecorino Santa Maria ,Vinicentanni,,‘21,,5,
216,,,,,,,,
217,,Campania,,,,,,
218,,Furore Bianco Fiorduva,Marisa Cuomo,,‘18,"€ 82,00",1,
219,,Furore Bianco Fiorduva,Marisa Cuomo,,‘21,"€ 78,00",,
220,,Furore Bianco Fiorduva,Marisa Cuomo,,‘22,"€ 42,00",1,
221,,,,,,,,
222,,Toscana,,,,,,
223,,Sambrena Bianco IGT,Tenuta La Novella,,‘19,"€ 20,00",5,
224,,,,,,,,
225,,Vini bianchi esteri,,,,,,
226,,"Grüner Veltliner ""Federspiel Rotes Tor""",Franz Hirtzberger,,13,"€ 60,00",4,AUT
227,,Viognier Sauvignon Equinoxe ,l’Arjolle,,‘22,"€ 36,00",4,FRA
228,,Riesling Klausberg Private Reserve,Nikolaihof,,’09,"€ 90,00",3,AUT
229,,Riesling Smaragd Wachau ,Nikolaihof,,16,"€ 72,00",3,AUT
230,,Riesling Vom Stein Federspiel ,Nikolaihof,,11,"€ 72,00",1,AUT
231,,Riesling Federspiel ,Nikolaihof,,20,,6,AUT
232,,Veltriner Fruhroter ,Nikolaihof,,11,"€ 40,00",4,AUT
233,,Grüner Veltliner Federspiel,Nikolaihof,,,"€ 45,00","4 ‘18, 8 ‘19",AUT
234,,Grüner Veltliner Smaragd ,Nikolaihof,,15,"€ 73,00",3,AUT
235,,Riesling Steiner Hund,Nikolaihof,,‘15,"€ 73,00",4,AUT
236,,Grüner Veltliner,Stift Kloster Neuburg,,‘21,"€ 35,00",3,AUT
237,,Weißburgunder ,Stift Kloster Neuburg,,‘21,"€ 35,00",5,AUT
238,,Chardonnay ,Stift Kloster Neuburg,,‘21,"€ 66,00",,AUT
239,,Riesling Federspiel ,Rudi Pichler,,‘18,"€ 40,00",,AUT
240,,Chablis ,Chanson,,21,"€ 60,00","4 ‘21, 2 ‘22",FRA
241,,Chablis Mise Tardive BIO ,Domaine Pattes Loup,,20,"€ 75,00",,FRA
242,,Chablis Vielles Vignes ,Domaine Daniel-Etienne Defaix,,20,"€ 70,00",5,FRA
243,,Chablis Premier Cru Vaillon,Domaine Daniel-Etienne Defaix,,‘10,"€ 90,00",7,FRA
244,,Chablis Les Lys Premier Cru,Domaine Daniel-Etienne Defaix,,,"€ 90,00","3 ‘04, 19 ‘05",FRA
245,,Équinoxe Viognier Sauvignon,Domaine Daniel-Etienne Defaix,,‘22,"€ 33,00",,FRA
246,,Riesling Réserve ,Domaine Weinbach,,20,"€ 54,00","3’ 20, 1 ‘17",
247,,Muscat Réserve,Domaine Weinbach,,11,"€ 54,00",3,
248,,Pinot Blanc ,Domaine Weinbach,,‘20,"€ 40,00",5,
249,,Sancerre ,Pascal Jolivet,,’22,"€ 70,00","3 ‘21, 5 ‘22",
250,,Chardonnay Saint Aubin,Domaine Morey Coffinet,,20,"€ 88,00",2,
251,,"Rosé ""Esprit Gassier""",Château Gassier,,21,"€ 33,00",,
252,,Chablis ,Thomas Pico,,‘20,,,
253,,Chardonnay Bourgogne ,Antoine Jobard,,‘20,"€ 35,00",,
254,,"Puligny Montrachet Premier cru ""Les Nosroyes""",Genot Boulanger,,‘20,"€ 160,00",2,
255,,"Puligny Montrachet Premier cru ""La Garenne""",Genot Boulanger,,‘20,"€ 270,00",2,
256,,Les Tilles Blanc Meursault,Domaine Pierre Labet ,,20,"€ 150,00",3,
257,,Chardonnay,Weingut Martin Wassmer,,21,,6,
258,,,,,,,,
259,,"Altri vini biodinamici, biologici e naturali",,,,,,
260,,"Garganega ""Bucce"" Macerato ",Marco Mosconi,,’19-'20,"€ 34,00",,
261,,,,,,,,
262,,Vini Rosati,,,,,,
263,,Whispering Angel,Caves d’Esclans,,,,"4 ‘21, 6 ‘22",
264,,Rumor Cotes de Provence,,,,,,
265,,Espirit Grassier,ed limitata,,,,2,
266,,Vini Rossi,,,,,,
267,,Veneto,,,,,,
268,,Azienda Agricola Quintarelli,,,,,,
269,,Valpolicella classico ,Azienda Agricola Quintarelli,Magnum,,"€ 340,00","1 ‘13, 1 ‘16",
270,,Alzero,Azienda Agricola Quintarelli,,‘14,"€ 450,00",4,
271,,Rosso del Bepi,Azienda Agricola Quintarelli,,,"€ 190,00","2 ‘10, 1 ‘16",
272,,Rosso del Bepi ,Azienda Agricola Quintarelli,Magnum,‘14,"€ 450,00",2,
273,,Amarone,Azienda Agricola Quintarelli,,12,"€ 407,00",5,
274,,Amarone,Azienda Agricola Quintarelli,,13,"€ 410,00",3,
275,,Amarone ,Azienda Agricola Quintarelli,Magnum,11,"€ 860,00",1,
276,,Amarone  ,Azienda Agricola Quintarelli,Magnum,12,"€ 890,00",2,
277,,Monteversa,,,,,,
278,,Rosso Bio Animaversa,Monteversa,,,"€ 45,00","1 ‘15, 9 ‘16",
279,,Rosso Bio Animaversa ,Monteversa,Magnum,‘15,"€ 90,00",,
280,,Rosso Bio Versacinto,Monteversa,,19,"€ 25,00",5,
281,,Bonotto Delle Tezze,,,,,,
282,,Carmenere Barbane,Bonotto Delle Tezze,,‘20,"€ 21,00",6,
283,,Malanotte,Bonotto Delle Tezze,,15,"€ 48,00",1,
284,,Raboso,Bonotto Delle Tezze,,‘16,"€ 30,00",1,
285,,Raboso,Bonotto Delle Tezze,,19,"€ 30,00",6,
286,,Raboso,Bonotto Delle Tezze,,17,"€ 30,00",12,
287,,Loredan e Gasparini,,,,,,
288,,Falconera ,Loredan Gasparini,Magnum,16,,1,
289,,Venegazzù della Casa,Loredan e Gasparini,,‘18,"€ 48,00","4 ‘18, 24 ‘19",
290,,Venegazzù della Casa,Loredan e Gasparini,Magnum,18,"€ 100,00",4,
291,,Venegazzù Capo di Stato,Loredan e Gasparini,,18,"€ 80,00",8,
292,,Venegazzù Capo di Stato ,Loredan e Gasparini,Magnum,17,"€ 180,00",1,
293,,Venegazzù Capo di Stato ,Loredan e Gasparini,Magnum,18,"€ 180,00",3,
294,,Venegazzù Capo di Stato ,Loredan e Gasparini,Jéroboam,12,"€ 260,00",1,
295,,Venegazzù Capo di Stato ,Loredan e Gasparini,Jéroboam,13,"€ 250,00",1,
296,,Venegazzù Capo di Stato ,Loredan e Gasparini,Jéroboam,15,"€ 240,00",1,
297,,Serafini Vidotto,,,,,,
298,,Rosso Phigaia,Serafini Vidotto,,,"€ 45,00","1 ‘20, 12 ‘21",
299,,Rosso Phigaia Magnum,Serafini Vidotto,Magnum,20,"€ 90,00",1,
300,,Rosso dell’Abbazia,Serafini Vidotto,,17,"€ 60,00","2 ‘17, 2 ‘18",
301,,Brigaldara,,,,,,
302,,Valpolicella Superiore Il Vegro (Ripassa),Brigaldara,,‘20,"€ 36,00",10,
303,,Valpolicella Superiore Il Vegro (Ripassa) ,Brigaldara,Magnum,‘19,"€ 80,00",2,
304,,Amarone della Valpolicella Classico,Brigaldara,,18,"€ 58,00",23,
305,,Amarone della Valpolicella Classico ,Brigaldara,Magnum,17,"€ 130,00",1,
306,,Amarone della Valpolicella Case Vecie ,Brigaldara,Magnum,19,"€ 120,00",,
307,,Amarone della Valpolicella Case Vecie,Brigaldara,,‘17,"€ 65,00",3,
308,,Valpolicella Superiore Case Vecie,Brigaldara,,‘21,"€ 35,00",12,
309,,Valpolicella Superiore Case Vecie ,Brigaldara,Magnum,19,,2,
310,,Mosole,,,,,,
311,,Cabernet Hora Sexta,Mosole,,15,"€ 35,00",1,
312,,Merlot Ad Nonam,Mosole,,16,"€ 52,00",7,
313,,Lorenzo Begali,,,,,,
314,,Amarone Cru Monte Ca’Bianca ,Lorenzo Begali,Magnum,‘06,"€ 140,00",1,
315,,Amarone Cru Monte Ca’Bianca,Lorenzo Begali,Magnum,13,"€ 150,00",2,
316,,Zenato,,,,,,
317,,Valpolicella superiore ripassa,Zenato,,,"€ 52,00","1 ‘18, 19‘19",
318,,Valpolicella superiore ripassa ,Zenato,Magnum,19,"€ 110,00",1,
319,,Amarone della Valpolicella,Zenato,,18,"€ 64,00",8,
320,,Amarone della Valpolicella,Zenato,Magnum,18,,3,
321,,Allegrini,,,,,,
322,,Corvina Veronese La Poja,Allegrini,,,"€ 180,00","8 ‘17, 5 ‘18",
323,,Amarone,Allegrini,,17,"€ 100,00",,
324,,Amarone,Allegrini,,‘18,"€ 100,00",,
325,,Amarone Corte Giara,Allegrini,,’17 ’19 ‘20,"€ 66,00",,
326,,Veronese Palazzo della Torre,Allegrini,,,"€ 39,00","1 ‘18, 1 ‘19, 21 ‘20",
327,,Veronese Palazzo della Torre ,Allegrini,Magnum,20,"€ 75,00",2,
328,,Veronese Palazzo della Torre ,Allegrini,Jéroboam,‘10,"€ 140,00",1,
329,,La Grola Rosso Veronese,Allegrini,,18,"€ 55,00","3 ‘18, 4’19",
330,,Le Salette,,,,,,
331,,Valpolicella,Le Salette,,22,"€ 24,00",16,
332,,Valpolicella Superiore Ripasso “I Progni”,Le Salette,,20,"€ 39,00",11,
333,,Amarone la Marega,Le Salette,,16,"€ 80,00",5,
334,,Amarone Pergole Vecie,Le Salette,,16,"€ 120,00",2,
335,,Marco Mosconi,,,,,,
336,,3Monelli Rosso Verona,Marco Mosconi ,,,,"1 ‘19, 9 ‘21",
337,,Paolo Cottini,,,,,,
338,,Valpolicella ripasso,Paolo Cottini,,,"€ 35,00","1 ‘18, 1 ‘19, 3 ‘20",
339,,Valpolicella ripasso,Paolo Cottini,,19,"€ 33,00",,
340,,Amarone classico,Paolo Cottini,,,"€ 56,00","1 ‘16, 1 ‘17, 6 ‘18",
341,,Masi,,,,,,
342,,Valpolicella ripassa Campofiorin,Masi,,20,"€ 34,00",10,
343,,Valpolicella ripassa Campofiorin ,Masi,Magnum,20,"€ 68,00",5,
344,,Amarone Costasera,Masi,,18,"€ 65,00",15,
345,,Amarone Costasera,Masi,,‘17,"€ 65,00",,
346,,Amarone Costasera ,Masi,Magnum,17,"€ 140,00",2,
347,,Amarone Campolongo,Masi,,13,"€ 145,00",2,
348,,Rosso Double ,Masi,,,,"6 ‘20, 5 ‘19",
349,,Corte Giara,,,,,,
350,,Amarone della Valpolicella,Corte Giara,,,,"1 ‘19, 4 ‘20",
351,,Speri,,,,,,
352,,Amarone S. Urbano                                                                                                                         ,Speri,,,"€ 90,00","4 ‘17, 3 ‘13",
353,,Valpolicella ripasso,Speri,,’21,"€ 35,00",15,
354,,Amarone S.Urbano,Speri,,13,"€ 78,00","1 ‘13, 6 ‘18 6 ‘19",
355,,Valpolicella S.Urbano,Speri,,15,"€ 37,00","7 ‘15, 6 ‘19, 6 ‘20",
356,,Villa Spinosa,,,,,,
357,,Amarone della Valpolicella,Villa Spinosa,,18,,16,
358,,Valpolicella classico Jago,Villa Spinosa,,19,,12,
359,,La Montecchia,,,,,,
360,,Merlot Cabernet,La Montecchia,,,"€ 28,00","4 ‘19, 3 ‘20",
361,,Carmenere Progetto recupero,La Montecchia,,‘20,"€ 32,00",2,
362,,Carmenere Progetto recupero,La Montecchia,,‘21,"€ 32,00",25,
363,,Azienda Agricola Puntozero,,,,,,
364,,Carmenere rosso,Az. Agr. Puntozero,,16,"€ 48,00",4,
365,,Tai Rosso,Az. Agr. Puntozero,,18,"€ 48,00",1,
366,,Merlot,Az. Agr. Puntozero,,15,"€ 75,00",2,
367,,Azienda Agricola Nicolis,,,,,,
368,,Amarone Valpolicella classico ,Az. Agr. Nicolis,Magnum,‘10,"€ 170,00",2,
369,,Azienda Agricola Inama,,,,,,
370,,Carmenere riserva Oratorio di San Lorenzo,Az. Agr. Inama,,‘13,"€ 70,00",2,
371,,Carmenere riserva Oratorio di San Lorenzo,Az. Agr. Inama,,‘16,"€ 70,00",4,
372,,Carmenere riserva Oratorio di San Lorenzo,Az. Agr. Inama,,’17,"€ 110,00",11,
373,,Carmenere riserva Oratorio di San Lorenzo ,Az. Agr. Inama,Magnum,16,"€ 140,00",2,
374,,Carmenere riserva Oratorio di San Lorenzo,Az. Agr. Inama,Magnum,17,"€ 250,00",3,
375,,Merlot Campo del Lago Colli Berici,Az. Agr. Inama,,,"€ 55,00","9 ‘19, 7 ‘20",
376,,Carmenere Più,Az. Agr. Inama,,20,"€ 30,00","3 ‘19, 19 ‘20",
377,,Carmenere Carminium Colli Berici,Az. Agr. Inama,,,"€ 70,00","8 ‘19, 2 ‘16",
378,,Carmenere Carminium Colli Berici ,Az. Agr. Inama,Magnum,‘18,"€ 150,00",7,
379,,Carmenere Più Veneto Rosso IGT ,Az. Agr. Inama,Magnum,‘18,"€ 70,00",1,
380,,"Cabernet Sauvignon ""Bradisismo"" Colli Berici DOC ",Az. Agr. Inama,,,"€ 60,00","13 ‘19, 11 ‘20",
381,,"Cabernet Sauvignon ""Bradisismo"" Colli Berici DOC",Az. Agr. Inama,Magnum,19,"€ 120,00",5,
382,,Bertani,,,,,,
383,,Secco ,Bertani,Magnum,‘19,"€ 90,00",5,
384,,Recioto Valpolicella Amarone,Bertani,,1975,"€ 840,00",1,
385,,Amarone Valpolicella Classico,Bertani,,12,"€ 125,00",1,
386,,Amarone Valpolicella Classico ,Bertani,Magnum,‘12,"€ 330,00",2,
387,,Pian della Vette,,,,,,
388,,Pinot Nero,Pian delle vette,,19,,12,
389,,Le Guaite di Noemi,,,,,,
390,,Valpolicella superiore,Le Guaite di Noemi,,‘12,"€ 48,00",18,
391,,Valpolicella superiore ,Le Guaite di Noemi,Magnum,‘12,"€ 105,00",,
392,,Valpolicella ripasso,Le Guaite di Noemi,,17,"€ 66,00",5,
393,,Valpolicella ripasso ,Le Guaite di Noemi,Magnum,‘12,"€ 132,00",2,
394,,Amarone,Le Guaite di Noemi,,‘11,"€ 86,00",8,
395,,Amarone ,Le Guaite di Noemi,Magnum,‘11,"€ 180,00",3,
396,,Val de Pol,,,,,,
397,,Pinot Nero Cors,Val De Pol,,‘21,"€ 45,00",37,
398,,Pinot Nero Frazesca,Val De Pol,,‘20,"€ 75,00",3,
399,,Pinot Nero Corletta,Val De Pol,,‘19,"€ 98,00",,
400,,Azienda Agricola Montebrecale,,,,,,
401,,Ammonite Rosso,Az. Agr. Montebrecale,,‘20,"€ 30,00",20,
402,,A & G De Martin,,,,,,
403,,Silenzio Rosso,A & G De Martin,,23?,,10,
404,,Trentino Alto Adige,,,,,,
405,,Cantina di Bolzano Gries / Santa Maddalena,,,,,,
406,,Blauburgunder,Cantina di Bolzano Gries / Santa Maddalena,,’21 ‘22,"€ 30,00",,
407,,Lagrein Collection,Cantina di Bolzano Gries / Santa Maddalena,,22,"€ 36,00","7 ‘21, 2 ‘22",
408,,Lagrein Collection ,Cantina di Bolzano Gries / Santa Maddalena,Magnum,21,"€ 75,00","2 ‘21, 2 ‘22",
409,,Pinot Nero Thalman Riserva,Cantina di Bolzano Gries / Santa Maddalena,,,"€ 60,00","13 ‘20, 6 ‘21",
410,,Pinot Nero Riserva,Cantina di Bolzano Gries / Santa Maddalena,,16,"€ 48,00",,
411,,St.Maddalena,Cantina di Bolzano Gries / Santa Maddalena,,21,"€ 24,00","4 ‘21, 8 ‘22",
412,,Lagrein Taber,Cantina di Bolzano Gries / Santa Maddalena,,20,"€ 75,00",2,
413,,Lagrein Taber ,Cantina di Bolzano Gries / Santa Maddalena,Magnum,16,"€ 150,00",3,
414,,Merlot Lagrein Mauritius,Cantina di Bolzano Gries / Santa Maddalena,,19,"€ 70,00",4,
415,,Merlot Lagrein Mauritius ,Cantina di Bolzano Gries / Santa Maddalena,Magnum,16,"€ 130,00",1,
416,,Gumphof,,,,,,
417,,Blauburgunder ,Gumphof,Magnum,17,"€ 105,00",,
418,,Tenuta J. Hofstätter,,,,,,
419,,Blauburgunder Meczan,Tenuta J. Hofstätter ,,,"€ 36,00","14 ‘22, 1 ‘21",
420,,Lagrein Steinraffler,Tenuta J. Hofstätter ,,‘19,"€ 55,00",18,
421,,Sant’Urbano Barthenau,Tenuta J. Hofstätter ,,16,"€ 90,00",,
422,,Sant’Urbano Barthenau,Tenuta J. Hofstätter ,,19,"€ 98,00",3,
423,,Sant’Urbano Barthenau ,Tenuta J. Hofstätter ,Magnum,16,"€ 200,00",2,
424,,Sant’Urbano ,Tenuta J. Hofstätter ,Jéroboam,7,"€ 360,00",1,
425,,Alois Lageder,,,,,,
426,,Blauburgunder,Alois Lageder,,‘21,"€ 30,00",7,
427,,Lagrein,Alois Lageder,,21,"€ 30,00",3,
428,,Lagrein Conus Riserva (bio),Alois Lageder,,20,"€ 42,00",6,
429,,Cabernet Riserva,Alois Lageder,,2,"€ 33,00",2,
430,,Cabernet Riserva,Alois Lageder,,,"€ 33,00","2 ‘18, 2 ‘19, 5 ‘20",
431,,Cabernet sauvignon Cor Romigberg,Alois Lageder,,,"€ 85,00","2 ‘16, 1 ‘99",
432,,Cabernet Riserva ,Alois Lageder,Magnum,,"€ 68,00","1 ‘19, 2 ‘20",
433,,Carlotto Ferruccio,,,,,,
434,,Pinot Nero,Carlotto Ferruccio,,20,"€ 57,00",21,
435,,Pinot Nero ,Carlotto Ferruccio,Magnum,‘20,"€ 120,00",,
436,,Lagrein Riserva di Ora in Ora,Carlotto Ferruccio,,20,"€ 45,00",24,
437,,Cantina di Termeno,,,,,,
438,,Lagrein,Cantina di Termeno,,22,"€ 30,00",3,
439,,Lagrein Urban Riserva,Cantina di Termeno,,20,"€ 66,00",11,
440,,Gottardi,,,,,,
441,,Pinot Nero Mazzon,Gottardi,,,,"3 ‘18, 1 ‘19 ",
442,,Pinot Nero Riserva,Gottardi,,‘17,"€ 75,00",9,
443,,Pinot Nero ,Gottardi,Magnum,18,"€ 140,00",,
444,,Barone de Cles,,,,,,
445,,Teroldego Rotaliano,Barone De Cles,,17 ‘19,"€ 34,00",,
446,,Cantina Rotaliana,,,,,,
447,,Teroldego Rotaliano,Cantina Rotaliana,,13,"€ 56,00",6,
448,,Waldgries,,,,,,
449,,Lagrein Ansitz Mirell,Waldgries,,19,"€ 80,00","4 ‘17, 1 ‘19",
450,,Lagrein,Waldgries,,,"€ 34,00","1 ‘20, 4 ‘21",
451,,Schreckbichl/Colterenzio,,,,,,
452,,Lagrein Riserva Mantsch,Colterenzio,,,,"9 ‘17, 6 ‘20",
453,,Merlot Siebeneich Riserva,Schreckbichl/Colterenzio,,19,"€ 39,00",,
454,,Merlot Siebeneich Riserva,Schreckbichl/Colterenzio,,21,"€ 39,00",6,
455,,Blauburgunder,Schreckbichl/Colterenzio,,22,"€ 30,00",10,
456,,Blauburgunder riserva St.Daniel,Schreckbichl/Colterenzio,,‘20,"€ 39,00",5,
457,,Lagrein Mantsch,Schreckbichl/Colterenzio,,17 20 ,"€ 39,00",,
458,,Elena Walch,,,,,,
459,,Merlot,Elena Walch,,,"€ 27,00","1 ‘21, 16 ‘22",
460,,Merlot riserva Vigna Kastelaz,Elena Walch,,,"€ 75,00","6 ‘18, 2 ‘20",
461,,Lagrein riserva Castel Ringberg,Elena Walch,,20,"€ 54,00",24,
462,,Lagrein,Elena Walch,,22,"€ 32,00",23,
463,,Blauburgunder,Elena Walch,,‘22,"€ 33,00",9,
464,,Pinot nero Ludwig,Elena Walch,,20,"€ 75,00","1 ‘17, 1 ‘16, 14 ‘20",
465,,Franz Haas,,,,,,
466,,Lagrein,Franz Haas,,,,"3 ‘19, 3 ‘20, 12 ‘21",
467,,Pinot nero Schweizer,Franz Haas,,’19 ’20,"€ 70,00",,
468,,Pinot nero,Franz Haas,,21,"€ 54,00",4,
469,,Pinot nero Magnum,Franz Haas,,’18 '21,"€ 110,00",,
470,,Abbazia di Novacella,,,,,,
471,,Praepositus Lagrein riserva,Abbazia di Novacella,,,"€ 58,00","7 ‘19, 12 ‘20",
472,,Pinot nero riserva Vigna Oberhof Suedtirol,Abbazia di Novacella,,19,"€ 110,00",,
473,,Pinot nero riserva Praepositus,Abbazia di Novacella,,,"€ 64,00","1 ‘17, 28 ‘20",
474,,Lagrein,Abbazia di Novacella,,‘22,"€ 29,00",24,
475,,St.Magdalener,Abbazia di Novacella,,,"€ 22,00","6 ‘21, 18 ‘22",
476,,Marcus Prackwierser,,,,,,
477,,Praesulis,Marcus Prackwierser,,18,,1,
478,,Tenuta Klosterhof,,,,,,
479,,Pinot nero Schwarze Madonna,Tenuta Klosterhof,,18,"€ 62,00",9,
480,,Friuli Venezia Giulia,,,,,,
481,,Silvio Jermann,,,,,,
482,,Pinot nero Lonzblau,Silvio Jermann,,16,"€ 99,00","2 ‘13, 2 ‘16",
483,,Miani,,,,,,
484,,Rosso,Miani,,20,"€ 130,00",6,
485,,Refosco Cossut,Miani,,20,"€ 160,00",5,
486,,Refosco La Mont di Zuc ,Miani ,,19,,1,
487,,Filip Merlot ,Miani,,20,,5,
488,,Castelvecchio,,,,,,
489,,Cabernet Franc,Castelvecchio,,19,"€ 30,00",,
490,,Cabernet Franc,Castelvecchio,,20,"€ 30,00","12 ‘20, 2 ‘19, 1 ‘18",
491,,Cabernet Sauvignon,Castelvecchio,,‘20,"€ 30,00",11,
492,,Sagrado,Castelvecchio,,11,"€ 42,00",1,
493,,Sagrado,Castelvecchio,,18,"€ 42,00",5,
494,,Borgo Conventi,,,,,,
495,,Cabernet franc Isonzo,Borgo Conventi,,22,"€ 21,00",19,
496,,Refosco Isonzo,Borgo Conventi,,22,"€ 21,00",7,
497,,Schiopettino,Borgo Conventi,,19,,10,
498,,Schioppetto,,,,,,
499,,Rivarossa,Schioppetto,,‘18,"€ 45,00",11,
500,,Blumeri,Schioppetto,,‘13,"€ 65,00","2 ‘13, 1 ‘17, 3 ‘18",
501,,Blumeri,Schioppetto,,‘18,"€ 65,00",9,
502,,Cabernet Sauvignon,Schioppetto,,‘20,"€ 33,00",,
503,,Cabernet Sauvignon Magnum,Schioppetto,,‘20,"€ 70,00",,
504,,Antico Broilo,,,,,,
505,,Pinot Nero ,Antico Broilo,Jéroboam,15,,1,
506,,Meroi,,,,,,
507,,Rosso Nestri,Meroi,,,"€ 35,00","1 ‘17, 2 ‘19, 7 ‘20",
508,,Rosso Nestri,Meroi,,,"€ 35,00",,
509,,Cantina Produttori di Cormons,,,,,,
510,,Pignolo,Cantina Produttori di Cormons,,15,"€ 36,00",,
511,,Livio Felluga,,,,,,
512,,Cabernet merlot Vertigo,Livio Felluga,,21,"€ 28,00",10,
513,,Russiz Superiore Marco Felluga,,,,,,
514,,Cabernet franc Isonzo,Marco Felluga Russiz sup.,,21,,6,
515,,Cabernet franc,Marco Felluga Russiz sup.,,21,,3,
516,,Cabernet Franc,Marco Felluga Russiz sup.,Magnum,21,,3,
517,,Azienda Agricola La Viarte,,,,,,
518,,Refosco Peduncolo Rosso,Az. Agr. La Viarte,,10,"€ 55,00",2,
519,,Refosco Riserva,Az. Agr. La Viarte,,‘14,"€ 60,00",6,
520,,Merlot Riserva,Az. Agr. La Viarte,,14,"€ 54,00",8,
521,,Schiopettino,Az. Agr. La Viarte,,11,"€ 46,00",5,
522,,Tazzelenghe,Az. Agr. La Viarte,,12,"€ 66,00",5,
523,,Tazzelenghe,Az. Agr. La Viarte,,13,"€ 66,00",6,
524,,Alexis Paraschos,,,,,,
525,,Skala Merlot,Alexis Paraschos,,‘15,"€ 75,00",6,
526,,Castello di Buttrio,,,,,,
527,,Merlot Colli Orientali,Castello di Buttrio,Magnum,19,"€ 75,00",2,
528,,Merlot Colli Orientali,Castello di Buttrio,,‘20,"€ 35,00",31,
529,,Refosco Colli Orientali,Castello di Buttrio,Magnum,‘19,"€ 75,00",3,
530,,Refosco Colli Orientali,Castello di Buttrio,,‘20,"€ 35,00",36,
531,,Conte d’Attimis Maniago,,,,,,
532,,Tazzelenghe,Conte d’Attimis Maniago,Magnum,2016,,1,
533,,Lis Neris,,,,,,
534,,Cabernet Sauvignon,Lis Neris,,,"€ 36,00","2 ‘19, 2 ‘20",
535,,Cabernet Sauvignon ,Lis Neris,Magnum,20,"€ 75,00",5,
536,,Piemonte,,,,,,
537,,Ceretto,Ceretto,,,,,
538,,Barolo Brunate,Ceretto,,15,"€ 155,00",4,
539,,Barolo Brunate,Ceretto,,19,"€ 155,00",2,
540,,Barbaresco,Ceretto,,‘19,"€ 65,00",,
541,,Barbaresco,Ceretto,,‘20,"€ 65,00",,
542,,Barbaresco Asili,Ceretto,,15,"€ 250,00",1,
543,,Monsordo,Ceretto,,21,"€ 45,00",5,
544,,Gaja,,,,,,
545,,Barolo Dagromis,Gaja,,18,"€ 120,00",1,
546,,Barolo Dagromis,Gaja,,‘19,"€ 110,00",4,
547,,Barbaresco,Gaja,,13,"€ 280,00",,
548,,Barbaresco,Gaja,,16,"€ 280,00",,
549,,Barbaresco,Gaja,,19,"€ 260,00",3,
550,,Barbaresco,Gaja,,‘20,"€ 300,00",3,
551,,Barbaresco ,Gaja,Magnum,‘16,"€ 650,00",1,
552,,Sito Moresco,Gaja,,,"€ 75,00","3 ‘20, 6 ‘21",
553,,Sperss Barolo Langhe,Gaja,,14,"€ 380,00",2,
554,,Sperss Barolo Langhe,Gaja,,17,"€ 360,00",3,
555,,Barbera,Gaja,,73,,1,
556,,Travaglini,,,,,,
557,,Gattinara,Travaglini,,19,"€ 55,00",,
558,,Gattinara,Travaglini,,20,"€ 55,00",3,
559,,Gattinara Magnum,Travaglini,,15,"€ 120,00",1,
560,,Gattinara Magnum,Travaglini,,‘20,"€ 120,00",3,
561,,Azienza Agricola Negro,,,,,,
562,,Nebbiolo Roero riserva Sudisfà,Az. Agr. Negro,,13 ‘19,"€ 70,00",,
563,,Barolo Serralunga,Az. Agr. Negro,,16,"€ 85,00",3,
564,,Barbaresco Basarin,Az. Agr. Negro,,20,,2,
565,,Ciabot Roero riserva Magnum,Az. Agr. Negro,Magnum,19,"€ 75,00",1,
566,,Azienda Vinicola Reva,,,,,,
567,,Nebbiolo Amfora Selezione,Az. Vinicola Reva,,20,"€ 42,00",,
568,,G.D.Vajra,,,,,,
569,,Barolo Albe,Az. Agr. G.D. Vajra,,18,"€ 70,00",8,
570,,Barbera,Az. Agr. G.D. Vajra,,21,"€ 35,00",2,
571,,Nebbiolo,Az. Agr. G.D. Vajra,,,"€ 38,00","2 ‘21, 4 ‘22",
572,,Dolcetto,Az. Agr. G.D. Vajra,,20,"€ 25,00","5 ‘20, 10 ‘21",
573,,Paolo Scavino,,,,,,
574,,Barolo Bricco Ambrogio,Paolo Scavino,,,,"3 ‘15, 6 ‘20",
575,,Barolo Bric del Fiasc,Paolo Scavino,,,,"5 ‘15, 6 ‘20",
576,,Barolo Enrico Scavino,Paolo Scavino,,,,"3 ‘18, 6 ‘20",
577,,Barolo,Paolo Scavino,,‘18,,,
578,,Nebbiolo,Paolo Scavino,,‘22,,41,
579,,Toscana,,,,,,
580,,Aia Vecchia,,,,,,
581,,Lagone IGT,Aia Vecchia,,16,"€ 25,00",,
582,,Lagone IGT,Aia Vecchia,Magnum,17,"€ 70,00",1,
583,,Tenuta dell'Ornellaia,,,,,,
584,,Rosso Masseto,Tenuta dell'Ornellaia,,15,"€ 2.000,00",1,
585,,Ornellaia,Tenuta dell'Ornellaia,,’20,"€ 250,00","4 ‘20, 1 ‘19",
586,,Ornellaia ,Tenuta dell'Ornellaia,Magnum,‘20,"€ 580,00",,
587,,Rosso Serre Nuove,Tenuta dell'Ornellaia,,‘20,"€ 70,00",2,
588,,Le Volte,Tenuta dell'Ornellaia,,21,"€ 40,00",7,
589,,Le Volte ,Tenuta dell'Ornellaia,Magnum,‘20 ’21,"€ 80,00",,
590,,Avignonesi,,,,,,
591,,Nobile di Montepulciano,Avignonesi,,15,"€ 45,00",,
592,,Ormanni,,,,,,
593,,Chianti classico riserva,Ormanni,,15,"€ 39,00",,
594,,Chianti classico riserva ,Ormanni,Magnum,15,"€ 80,00",2,
595,,Gaja,,,,,,
596,,Brunello di Montalcino Sugarille Pieve S. Restituita,Gaja,,‘18,"€ 220,00",,
597,,San Leonino,,,,,,
598,,Monsenese Chianti classico riserva,San Leonino,,‘17,"€ 27,00",10,
599,,Tenuta “Il Fantone”,,,,,,
600,,Cabernet Sauvignon,Tenuta Il Fantone,,19,"€ 42,00",1,
601,,Syrah Lago Nero,Tenuta Il Fantone,,19,"€ 40,00",4,
602,,Fratini,,,,,,
603,,Bolgheri Superiore,Fratini,,17,"€ 260,00",4,
604,,Marchesi Antinori,,,,,,
605,,Brunello di Montalcino Pian delle Vigne,Marchesi Antinori,,18,"€ 85,00",3,
606,,Guado al Tasso Bolgheri superiore,Marchesi Antinori,,17,"€ 180,00",5,
607,,Tignanello,Marchesi Antinori,,20,"€ 190,00",4,
608,,Tignanello,Marchesi Antinori,Magnum,20,,1,
609,,Bruciato,Marchesi Antinori,,21,"€ 57,00","9 ‘21, 12 ‘22",
610,,Chianti Peppoli,Marchesi Antinori,,21,"€ 37,00",2,
611,,Marchesi Frescobaldi,,,,,,
612,,Brunello di Montalcino Castel Giocondo,Marchesi Frescobaldi,,,"€ 65,00","2 ‘14, 1 ‘18",
613,,Merlot Lamaione,Marchesi Frescobaldi,,14,"€ 72,00",4,
614,,Merlot Lamaione,Marchesi Frescobaldi,,‘18,"€ 72,00",6,
615,,Mormoreto,Marchesi Frescobaldi,,‘20,"€ 74,00",5,
616,,Mastrojanni,,,,,,
617,,Rosso di Montalcino,Mastrojanni,,‘20,"€ 40,00",7,
618,,Brunello di Montalcino,Mastrojanni,,14,"€ 90,00",3,
619,,Brunello di Montalcino,Mastrojanni,,‘17,"€ 90,00",5,
620,,Corte dei Venti,,,,,,
621,,Rosso di Montalcino,Corte dei Venti,,,"€ 35,00","3 ‘17, 6 ‘21",
622,,Brunello di Montalcino,Corte dei Venti,,14,"€ 80,00",4,
623,,Brunello di Montalcino Dama Elena,Corte dei Venti,,12,"€ 95,00",1,
624,,Azienda Agricola Tenuta Luce,,,,,,
625,,Lucente Rosso,Az. Agr. Tenuta Luce,,‘20,"€ 48,00",,
626,,Marchesi Mazzei,,,,,,
627,,Morellino di Scansano Belgvardo Riserva,Marchesi Mazzei,,17,"€ 30,00",2,
628,,Tenuta San Guido,,,,,,
629,,Le Difese,Tenuta San Guido,,22,"€ 42,00",12,
630,,Guidalberto,Tenuta San Guido,,21,"€ 60,00",8,
631,,Sassicaia Bolgheri,Tenuta San Guido,,‘12,"€ 400,00",3,
632,,Sassicaia Bolgheri,Tenuta San Guido,,16,"€ 400,00",4,
633,,Sassicaia Bolgheri,Tenuta San Guido,,17,"€ 380,00",6,
634,,Sassicaia Bolgheri,Tenuta San Guido,,18,"€ 380,00",5,
635,,Urlari Pervale,,,,,,
636,,Rosso,Urlari Pervale,,16,"€ 28,00",12,
637,,Rosso Magnum,Urlari Pervale,,‘17,"€ 60,00",3,
638,,Caccia al Piano,,,,,,
639,,Ruit Hora Bolgheri,Caccia al Piano,,17,"€ 35,00",,
640,,Ruit Hora Bolgheri,Caccia al Piano,,19,"€ 35,00",,
641,,Mosenese,,,,,,
642,,Chianti Classico Riserva DOCG,Mosenese,,17,"€ 31,00",,
643,,Az. Agricola S.Caterina Tenuta Tre Rose,,,,,,
644,,Nobile di Montepulciano,Az. Agr. S. Caterina Tenuta Tre Rose,,19,"€ 1,25",1,
645,,Vigna Spuntali,,,,,,
646,,Brunello di Montalcino,Vigna Spuntali,,16,"€ 85,00",4,
647,,San Felice,,,,,,
648,,Brunello di Montalcino Campogiovanni,San Felice,,‘18,"€ 90,00",,
649,,Il Grigio Riserva,San Felice,,‘19,"€ 36,00",5,
650,,Rosso di Montalcino,San Felice,,‘21,"€ 33,00",,
651,,Biondi Santi,,,,,,
652,,Brunello di Montalcino,Biondi Santi,,68,,1,
653,,Castello d’Albola,,,,,,
654,,Acciaiolo,Castello d’Albola,,9,,1,
655,,Val di Suga,,,,,,
656,,Rosso di Montalcino,Val di Suga,,‘20,"€ 45,00",10,
657,,Brunello di Montalcino,Val di Suga,,‘16,,,
658,,La Fiorita,,,,,,
659,,Brunello di Montalcino,La Fiorita,,5,,1,
660,,Gaja,,,,,,
661,,Brunello di Montalcino Santa Restituta,Gaja,,18,,3,
662,,Emilia Romagna,,,,,,
663,,Otello Ceci,,,,,,
664,,Lambrusco,Otello Ceci,,,"€ 24,00",11,
665,,Marche,,,,,,
666,,Umani Ronchi,,,,,,
667,,Pelago,Umani Ronchi,,14,"€ 66,00","5 ‘14, 5 ‘18",
668,,Cumaro,Umani Ronchi,,,"€ 58,00","3 ‘18, 2 ‘14, 1 ‘12",
669,,Puglia,,,,,,
670,,Vespa Vignaioli,,,,,,
671,,Primitivo di Manduria Il rosso dei Vespa,Vespa Vignaioli,,,"€ 35,00","2 ‘20, 4 ‘21, 12 ‘22",
672,,Primitivo di Manduria “Raccontami”,Vespa Vignaioli,,18,"€ 55,00","2 ‘17, 1 ‘18, 5 ‘20",
673,,Nero di Troia “Helena”,Vespa Vignaioli,,15,"€ 90,00",8,
674,,Petrelli,,,,,,
675,,Salice Rosso Centopietre,Petrelli,,13,"€ 20,00",,
676,,Sicilia,,,,,,
677,,Vigneri,,,,,,
678,,I Vigneri,Vigneri,,16,"€ 40,00",2,
679,,I Vigneri,Vigneri,,17,"€ 36,00",9,
680,,Planeta,,,,,,
681,,Santa Cecilia,Planeta,,11,"€ 48,00",5,
682,,Santa Cecilia,Planeta,,17,"€ 54,00",1,
683,,Burdese,Planeta,,3,"€ 55,00",2,
684,,Burdese,Planeta,,5,"€ 55,00",5,
685,,Passopisciaro,,,,,,
686,,Passorosso,Passopisciaro,,,"€ 51,00","2 ‘20, 3’ 21,  6 ‘22",
687,,Firriato,,,,,,
688,,Camelot,Firriato,,,"€ 63,00","4 ‘15 1 ‘17, 1 ‘21",
689,,Nero d'Avola Chiaramonte,Firriato,,,"€ 32,00","1 ‘17, 5 ‘21",
690,,Cottanera,,,,,,
691,,Etna Rosso Diciassettesalme,Cottanera,,19,"€ 32,00",9,
692,,Etna Rosso Riserva Contrada Zottorinoto,Cottanera,,16,"€ 100,00",6,
693,,Fondo Antico,,,,,,
694,,Nero d’Avola,Fondo Antico,,16,"€ 20,00",,
695,,Il Canto,Fondo Antico,,12,"€ 25,00",5,
696,,Spadafora,,,,,,
697,,Rosso Don Pietro,Spadafora,,7,"€ 35,00",2,
698,,Azienda Agricola Monte Rosso,,,,,,
699,,Etna Rosso Volcano,Az. Agr. Monte Rosso,,‘19,"€ 42,00",8,
700,,,,,,,,
701,,Sardegna,,,,,,
702,,Santadi,,,,,,
703,,Terre Brune Superiore,Santadi,,18,"€ 70,00",2,
704,,Terre Brune Superiore,Santadi,,‘19,"€ 70,00",3,
705,,Carignano del Sulcis Rocca Rubia Riserva,Santadi,,12,"€ 40,00",1,
706,,Carignano del Sulcis Rocca Rubia Riserva,Santadi,,17,"€ 38,00",1,
707,,Carignano del Sulcis Rocca Rubia Riserva,Santadi,,‘20,"€ 38,00",6,
708,,Ferruccio Deiana,,,,,,
709,,Cannonau Sileno,Ferruccio Deiana,,14,"€ 40,00",,
710,,Argiolas,,,,,,
711,,Rosso Iselis,Argiolas,,12,"€ 36,00",5,
712,,Cannonau Costera,Argiolas,,14,"€ 40,00",,
713,,Cannonau Costera,Argiolas,,16,"€ 40,00",1,
714,,Cannonau Costera,Argiolas,,19,"€ 38,00",3,
715,,Turriga,Argiolas,,16,"€ 126,00",1,
716,,Turriga,Argiolas,,19,"€ 130,00",6,
717,,,,,,,,
718,,"Altri vini biodinamici, biologici e naturali",,,,,,
719,,Cantina d'Isera,,,,,,
720,,Marzemino d'Isera Trentino Superiore,Cantina d'Isera,,19,"€ 30,00",7,
721,,Marco Mosconi,,,,,,
722,,Rosso Tre Monelli,Marco Mosconi,,21,"€ 34,00",,
723,,Masi Tupungato,,,,,,
724,,Rosso di Malbec e Corvina Passo Doble Tierra Soleada,Masi Tupungato,,20,"€ 45,00",,
725,,Vinicentanni,,,,,,
726,,Rosso Primodelia bio,Vinicentanni,,‘19,,5,
727,,Rosso Piceno Renarie bio,Vinicentanni,,‘21,,4,
728,,Puro Centanni Marche Rosso,Vinicentanni,,‘22,,12,
729,,,,,,,,
730,,Vini Rossi Esteri,,,,,,
731,,Francia,,,,,,
732,,Chateau Margaux,,,,,,
733,,Chateau Margaux Gran Cru Classé,Chateau Margaux,,97,"€ 1.250,00",2,
734,,Chateau Mouton Rothshild,,,,,,
735,,Chateau Mouton Rothshild Grand Cru Classé,Chateau Mouton Rothshild,,1,"€ 1.200,00",2,
736,,Chateau Clarke Rothshild,,,12,,1,
737,,Chateau,Chateau Mouton Rothshild,,12,"€ 66,00",6,
738,,Bordeaux Legende,Chateau Mouton Rothshild,,19,"€ 24,00",6,
739,,Rouge Legende Medoc,Chateau Mouton Rothshild,,19,"€ 36,00",3,
740,,Dourthe n 1 Bordeaux,,,14,,1,
741,,Château Carteau,,,,,1,
742,,Château Cote Daugay,Château Carteau,,16,"€ 60,00",7,
743,,Château Gigognan,,,,,,
744,,Chateauneuf du Pape Clos du Roi,Château Gigognan,,‘17,"€ 55,00",5,
745,,Cotes du Rhone,Château Gigognan,,17,"€ 27,00",,
746,,Chanson,,,,,,
747,,Bourgogne Pinot Noir,Chanson,,22,"€ 63,00",17,
748,,Rouge Pernande Verglesses,Chanson,,‘17,"€ 70,00",6,
749,,Chateau Moulin Haut-Laroque,,,,,,
750,,Fronsac,Chateau Moulin Haut-Laroque,,11,"€ 45,00",,
751,,Chateau de Fussignac,Chateau Moulin Haut-Laroque,,‘11,"€ 55,00",,
752,,Domaine George Joillot,,,,,,
753,,Bourgogne Hout Cotes de Beaune,Domaine George Joillot,,21,"€ 55,00",10,
754,,Pommarde Vielles Vignes,Domaine George Joillot,,‘21,"€ 80,00",4,
755,,Domaine Reverdy Ducroux,,,,,,
756,,Sancerre rouge,Domaine Reverdy Ducroux,,17,"€ 37,00",2,
757,,M.Chapuotier,,,,,,
758,,Les Meysonniers Crozes- Hermitage,M.Chapuotier,,‘19,"€ 45,00",5,
759,,Chateauneuf du pape Collection bio,M.Chapuotier,,‘16,"€ 80,00",3,
760,,Facelie Chateauneuf du pape,M.Chapuotier,,‘19,"€ 65,00",6,
761,,Clos de l’Oratoire des Papes,,,,,,
762,,Chateauneuf-du-pape,Clos de l’Oratoire des Papes,,’21,"€ 80,00",13,
763,,E. Guigal,,,,,,
764,,Chateauneuf-du-pape,E. Guigal,,‘17,"€ 94,00",4,
765,,Chateau Rauzan-Segla,,,,,,
766,,Margaux,Chateau Rauzan-Segla,,16,"€ 90,00",6,
767,,Domaine de l'Arjolle,,,,,,
768,,Pinot Noir Paradoxe,Domaine de l'Arjolle,,‘20,"€ 48,00",5,
769,,Rumor Cotes de Provence,,,,,,
770,,Rosé BIO,Rumor Cotes de Provence,,22,"€ 66,00",5,
771,,U.S.A.,,,,,,
772,,Caymus,,,,,,
773,,Zinfandel,Caymus,,‘11,"€ 68,00",,
774,,Cabernet Sauvignon Special Selection,Caymus,,‘09,"€ 480,00",3,
775,,Cabernet Sauvignon Special Selection,Caymus,,‘95,"€ 520,00",1,
776,,Cabernet Sauvignon Napa Valley,Caymus,,‘95,"€ 190,00",2,
777,,Cabernet Sauvignon Napa Valley,Caymus,,‘96,"€ 190,00",,
778,,Cabernet Sauvignon Napa Valley,Caymus,,‘11,"€ 150,00",,
779,,Cile,,,,,,
780,,Primus Alto de Casablanca,Veramonte,,97,,,
781,,Sud Africa,,,,,,
782,,Neil Ellis,,,,,,
783,,Cabernet Sauvignon,Neil Ellis,,12,"€ 39,00",,
784,,Laibach,,,,,,
785,,Pinotage,Leibach,,‘15,"€ 45,00",4,
786,,Svizzera,,,,,,
787,,Cantina il Cavaliere,,,,,,
788,,Aurelio Merlot Ticino,Cantina il Cavaliere,,‘17,"€ 70,00",6,
789,,Germania,,,,,,
790,,Weingut Martin Wassmer,,,,,,
791,,Schlatter Spatburgunder,Weingut Martin Wassmer,,‘19,"€ 70,00",12,
792,,Austria,,,,,,
793,,Stift Kloster Neuburg,,,,,,
794,,Pinot Noir,Stift Klosterneuburg,,‘20,"€ 45,00",4,
795,Australia ,Shiraz Cabernet ,Penley Estate,,98,,1,
796,,,,,,,,
797,,Vini da dessert,,,,,,
798,,Riesling Beerenauslese,Stift Klosterneuburg,,,"€ 65,00","3 ‘17, 4 ‘20",AUT
799,,Riesling Auslese ,Haart Goldtrpfchen,,20,,4,AUT
800,,Grüne Veltliner Eiswein,Stift Klosterneuburg,,,"€ 65,00",,AUT
801,,al calice,,,,"€ 10,00",,AUT
802,,Eiswein ,Michlits,375 ml,18,"€ 75,00",,AUT
803,,al calice,,,,"€ 10,00",,AUT
804,,Trockenbeerenauslese,Michlits,,13,"€ 65,00",,AUT
805,,al calice,,,,"€ 10,00",,AUT
806,,Sauternes Chateau Saint Michel 375 ml,Chateau Saint Michel,375 ml,,"€ 60,00",,FRA
807,,al calice,,,,"€ 10,00",,FRA
808,,Sauternes,Chateau d’Yquem ,750 ml,90,"€ 1.000,00",1,FRA
809,,Sussenberg Gruner Veltriner,Nikolaihof Wachau,,99,"€ 150,00",1,AUT
810,,Trockenbeerenauslese,Nikolaihof Wachau,,1,"€ 140,00",2,AUT
811,,Auslese ,Kracher,375 ml,17,"€ 50,00","3,5",
812,,al calice,,,,"€ 8,00",,
813,,"Kerner ""Praepositus"" Passito",Abbazia di Novacella,,20,"€ 60,00",9,
814,,al calice,,,,"€ 8,00",,
815,,"Moscato Rosa ""Praepositus""",Abbazia di Novacella,,‘20,"€ 55,00","2,5",
816,,al calice,,,,"€ 8,00",,
817,,"Recioto Valpolicella “Le Salette""",Traversagne,,16,"€ 48,00",2,
818,,Recioto della Valpolicella,Brigaldara,,16,,1,
819,,Recioto della Valpolicella,Secondo Marco ,,16,,1,
820,,al calice,,,,"€ 7,00",,
821,,"Recioto Valpolicella “Le Salette""",Pergole Vece,500 ml,16,"€ 65,00",,
822,,al calice,,,,"€ 8,00",,
823,,,,,,,,
824,,Birre,,,,,,
825,,Grand Cru ,Moretti,,,"€ 15,00",,
826,,Weissen,Aynger,,,"€ 6,00",,
827,,Chiara 4.9 ,Dolomiti,,,"€ 6,00",,
828,,Bionda ,Birra di Parma,,,"€ 8,00",,
829,,Scura ,Kozen,,,"€ 6,00",,
830,,,,,,,,
831,,Grappe e Distillati,,,,PREZZI AL BICCHIERE,,
832,,Distillato di genziana ,Boroni,al bicchiere,,"€ 5,00",,
833,,Distillato di ginepro,Boroni,al bicchiere,,"€ 5,00",,
834,,Distillato di Mele,Capovilla,al bicchiere,,"€ 12,00","0,5",
835,,Grappa di Capo di Stato,,,,,1,
836,,Grappa Classica,Borgo Scuro,al bicchiere,,"€ 5,00",,
837,,Grappa Prosecco Cherry,Borgo Scuro,al bicchiere,,"€ 5,00",8,
838,,Prime Uve Bianche,Bonaventura Maschio,al bicchiere,,,2,
839,,Prime Uve Nere,Bonaventura Maschio,al bicchiere,,,1,
840,,Grappa di Raboso,Le Crode di Vincenzo Agostini,al bicchiere,,,3,
841,,Grappa Quero Vas,Le Crode di Vincenzo Agostini,al bicchiere,,,1,
842,,Grappa di Barbaresco,Gaja,,,,1,
843,,Grappa di Costa Russi,Gaja,,,,1,
844,,Grappa di Barolo,Gaja,,,,1,
845,,Grappa Sarpa Oro,Poli,,,,1,
846,,Grappa Williams,Roner,,,,"0,5",
847,,Whiskies,,,,,,
848,,Ballantines,,al bicchiere,,"€ 7,00",1,
849,,Glen Grant 5yo,,al bicchiere,,"€ 7,00",1,
850,,Jack Daniels,,al bicchiere,,"€ 7,00",1,
851,,Chivas Regal 12 yo,,al bicchiere,,"€ 7,00",1,
852,,The Macallan Amber,,al bicchiere,,"€ 7,00","0,5",
853,,The Macallan 12 yo,,al bicchiere,,"€ 7,00",,
854,,Glen Fiddich,,al bicchiere,,"€ 7,00","0,5",
855,,Glenfiddish Special Reserve,,,,,"0,5",
856,,Lagavulin 16 yo,,al bicchiere,,"€ 8,00","2,5",
857,,Laphroaig Quarter Cask,,al bicchiere,,"€ 8,00","0,5",
858,,Glenmorangie 10yo,,al bicchiere,,"€ 8,00",1,
859,,Glenmorangie Lasanta Sherry Cask 12yo,,al bicchiere,,"€ 10,00","0,5",
860,,Glenmorangie Quinta Ruban Port Cask 12yo,,al bicchiere,,"€ 10,00",1,
861,,Glenmorangie Nectar d'Or Sauternes Cask12yo,,al bicchiere,,"€ 10,00",1,
862,,Springbank 10 yo,,al bicchiere,,"€ 7,00","0,5",
863,,M.Couvreur Fleeting oltre 10 anni quercia e pedro ximenez,,al bicchiere,,"€ 14,00","0,5",
864,,M.Couvreur Blossoming Auld Sherried oltre 18 anni,,al bicchiere,,"€ 18,00","1,5",
865,,Ardbeg 10 yo (torbato),,al bicchiere,,"€ 10,00","5,5",
866,,Ben Romach,,al bicchiere,,"€ 10,00","0,5",
867,,Cao Ila Connoisseurs choice 2004 (Torbato),,al bicchiere,,"€ 12,00",,
868,,Cao Ila Coopers choice 1991,,al bicchiere,,"€ 14,00","0,5",
869,,Caol Ila 1990 17 anni ,,,,,"0,5",
870,,Caol Ila 12 yo,,al bicchiere,,"€ 12,00",,
871,,Caol Ila The Coopers Silver Seal 17 yo,,al bicchiere,,"€ 14,00","0,5",
872,,Brandy,,,,PREZZI AL BICCHIERE,,
873,,Villa Zarri 25 anni,,al bicchiere,,"€ 22,00",1,
874,,Villa Zarri 23 anni,,al bicchiere,,"€ 22,00",1,
875,,Villa Zarri 10 anni,,al bicchiere,,"€ 12,00",6,
876,,Cognac,,,,PREZZI AL BICCHIERE,,
877,,The Forgotten Casks,,al bicchiere,,"€ 7,00","0,5",
878,,Poire Peyrot,,al bicchiere,,"€ 7,00",1,
879,,Peyrot xo,,al bicchiere,,"€ 9,00",,
880,,Remy Martin,,al bicchiere,,"€ 7,00","1,5",
881,,Hennessy xo,,al bicchiere,,"€ 22,00","0,5",
882,,Hennessy XO Extra Old,,,,,1,
883,,Park Grande Champagne,,al bicchiere,,"€ 12,00","0,5",
884,,A.E. Dor xo Cognac Grande Champagne,,,,,1,
885,,Louise Royer xo,,al bicchiere,,"€ 22,00","0,5",
886,,A.E.Dor xo,,al bicchiere,,"€ 22,00",1,
887,,Moulin rouge xo Fillioux,,al bicchiere,,"€ 20,00",,
888,,Armagnac,,,,PREZZI AL BICCHIERE,,
889,,Bas Armagnac Dartigalongue,,al bicchiere,,"€ 10,00",1,
890,,Bas Armagnac Datigalongue hors d’age,,,,,"0,5",
891,,Bas Armagnac Clos Martin 8 yo,,al bicchiere,,"€ 10,00","1,5",
892,,Bas Armagnac Darroze Les Grandes Assemblages 12yo €,,al bicchiere,,"€ 10,00","0,5",
893,,Bas Armagnac Les Sables Fauves ,,,,,1,
894,,Rhum,,,,PREZZI AL BICCHIERE,,
895,,Dos Maderas 10 yo,,al bicchiere,,"€ 10,00","1,5",
896,,Abuelo 15 yo Napoleon,,al bicchiere,,"€ 14,00",,
897,,Diplomatico,,al bicchiere,,"€ 12,00",,
898,,Millionario 15 res.,,al bicchiere,,"€ 14,00","0,5",
899,,Homere Clement rhum agricole martinique,,al bicchiere,,"€ 12,00",2,
900,,Homere Clement rhum agricole vieux,,al bicchiere,,"€ 14,00",1,
901,,Nation Peruano 8 yo,,al bicchiere,,"€ 10,00","0,5",
902,,Nation Jamaica sherry finish 5 yo,,al bicchiere,,"€ 12,00","0,5",
903,,Santa Teresa Metodo Solera,,,,,1,
904,,Porto,,,,PREZZI AL BICCHIERE,,
905,,Ramos Pinto RP10,,al bicchiere,,"€ 10,00","0,5",
906,,Churchill Vintage,,al bicchiere,16,"€ 16,00",,
907,,Vodka,,,,PREZZI AL BICCHIERE,,
908,,Mamont Vodka,,al bicchiere,,"€ 12,00",1,
909,,Moskovskaya,,,,,"0,5",
910,,Belvedere,,,,,"1,5",
911,,Belvedere Altitude edition,,,,,"0,5",
912,,Saké,,,,,,
913,,Gjkon,,al bicchiere,,,,
914,,Vermouth,,,,,,
915,,Vermouth Tenuta Fertuna ,,,,,4,
916,,Lynx vermouth bianco,,,,,1,
