external_id,name,winery_name,type,storage_area,size,vintage,price,info,quantity,internal_notes
1,demi: 375 ml,,,,BOTTLE,,,,0.0,
2,champagne rosé,Ruinart,,,HALF_BOTTLE,,85.0,,23.0,
3,champagne blanc de blanc,Ruinart,,,HALF_BOTTLE,,80.0,,19.0,
4,venegazzù della casa,Loredan e Gasperin,,,HALF_BOTTLE,17,25.0,,0.0,
5,santa maddalena,Cantina di Bolzano,,,HALF_BOTTLE,21,15.0,,0.0,
6,lagrein,Cantina di Bolzano,,,HALF_BOTTLE,2021,15.0,,0.0,
6,lagrein,Cantina di Bolzano,,,HALF_BOTTLE,2022,15.0,,0.0,
7,terlaner,Cantina di Terlano,,,HALF_BOTTLE,21,24.0,,0.0,
8,blauburgunder meczan,Tenuta J. Hofstätter,,,HALF_BOTTLE,21,18.0,,0.0,
9,cabernet sauvignon,Lis Neris,,,HALF_BOTTLE,19,18.0,,0.0,
9,cabernet sauvignon,Lis Neris,,,HALF_BOTTLE,20,18.0,,0.0,
10,valpolicella ripasso campofiorin,Masi,,,HALF_BOTTLE,20,23.0,,0.0,
11,barbaresco dop,Gaja,,,HALF_BOTTLE,19,130.0,,10.0,
12,ripassa,Zenato,,,HALF_BOTTLE,19,27.0,,0.0,
13,amarone classico classico,Zenato,,,HALF_BOTTLE,17,42.0,,0.0,
14,gewurztraminer ceslar,Cantina di Bolzano,,,HALF_BOTTLE,21,16.0,,4.0,
16,champagne & ...,,,,BOTTLE,,,,0.0,
17,champagne cuvée brut,Laurent Perrier,,,BOTTLE,,80.0,,2.0,
19,champagne millesimato,Laurent Perrier,,,MAGNUM,8,,,2.0,
20,champagne cuvée rosé,Laurent Perrier,,,BOTTLE,,110.0,,3.0,
21,champagne cuvée rosé,Laurent Perrier,,,MAGNUM,,230.0,,2.0,
22,champagne rosé,J.M. Gobillard et Fils,,,BOTTLE,,,,13.0,
23,champagne rosé millesimé,J.M. Gobillard et Fils,,,MAGNUM,14,,,2.0,
24,champagne blanc de blanc,J.M. Gobillard et Fils,,,BOTTLE,,80.0,,83.0,
25,champagne blanc de blanc brut,J.M. Gobillard et Fils,,,MAGNUM,,160.0,,14.0,
26,champagne privilege des moines,J.M. Gobillard et Fils,,,BOTTLE,,80.0,,10.0,
27,champagne blanc de noirs brut,J.M. Gobillard et Fils,,,BOTTLE,,80.0,,3.0,
28,champagne brut,Gimonnet & Fils,,,BOTTLE,,80.0,,0.0,
29,champagne,Dom Perignon,,,MAGNUM,10,850.0,,1.0,
30,champagne,Dom Perignon ,,,BOTTLE,2008,,,1.0,
31,champagne,Dom Perignon,,,BOTTLE,10,400.0,,1.0,
32,champagne,Dom Perignon,,,BOTTLE,12,380.0,,2.0,
33,champagne,Dom Perignon,,,BOTTLE,13,380.0,,12.0,
34,champagne brut royale reserve,Philipponnat,,,BOTTLE,,85.0,,2.0,
35,champagne brut,Petrois Moriset,,,BOTTLE,,80.0,,2.0,
36,champagne assemblage,Petrois Moriset,,,BOTTLE,,90.0,,1.0,
37,champagne 168 edition,Krug,,,BOTTLE,,450.0,,0.0,
38,champagne grande cuvée,Krug,,,BOTTLE,17,450.0,,0.0,
40,champagne reserve imperiale,Moet & Chandon,,,MAGNUM,,210.0,,4.0,
42,champagne collection 243,Roederer,,,MAGNUM,,220.0,,5.0,
43,champagne cristal,Roederer,,,BOTTLE,13,420.0,,1.0,
44,champagne collection 242,Roederer,,,BOTTLE,,95.0,,0.0,
45,champagne collection 242,Roederer,,,MAGNUM,17,160.0,,0.0,
46,champagne vintage rosé,Veuve Cliquot,,,BOTTLE,12,140.0,,6.0,
47,champagne cuvée saint petersbourg,Veuve Cliquot,,,BOTTLE,,90.0,,6.0,
48,champagne blanc de blanc,Ruinart,,,BOTTLE,,140.0,,1.0,
49,champagne blanc de blanc,Ruinart,,,MAGNUM,,320.0,,5.0,
50,champagne rosé,Ruinart,,,BOTTLE,,140.0,,13.0,
51,champagne rosé,Ruinart,,,MAGNUM,,320.0,,9.0,
52,champagne special cuvée,Bollinger,,,BOTTLE,,110.0,,27.0,
53,champagne special cuvée,Bollinger,,,MAGNUM,,240.0,,6.0,
55,champagne rosé,Bollinger,,,BOTTLE,,110.0,,4.0,
56,champagne b13,Bollinger,,,BOTTLE,,240.0,,0.0,
57,champagne special cuvee 007,Bollinger,,,BOTTLE,,130.0,,9.0,
58,champagne,Bollinger,,,MAGNUM,,230.0,,0.0,
59,champagne extra brut,Gosset,,,BOTTLE,,90.0,,1.0,
60,champagne brut nature,Dechannes,,,BOTTLE,,85.0,,19.0,
61,champagne n.7,Ayala,,,BOTTLE,,,,2.0,
62,champagne grand brut,Perrier et Jouet,,,MAGNUM,,,,1.0,
63,champagne millesime rare,Rare,,,BOTTLE,,,,1.0,
64,metodo classico,,,,BOTTLE,,,,0.0,
65,franciacorta grande cuvée alma brut,Bellavista,,,BOTTLE,,80.0,,12.0,
66,franciacorta grande cuvée alma brut,Bellavista,,,MAGNUM,,150.0,,1.0,
67,franciacorta cuvee,Bellavista,,,MAGNUM,2005,,,1.0,
68,franciacorta cuvée prestige,Ca' del Bosco,,,BOTTLE,,80.0,,6.0,
69,franciacorta cuvée prestige,Ca' del Bosco,,,MAGNUM,,160.0,,0.0,
70,franciacorta brut,Enrico Gatti,,,BOTTLE,,50.0,,173.0,
71,franciacorta brut,Enrico Gatti,,,MAGNUM,,105.0,,4.0,
72,franciacorta prima cuvée brut,Monte Rossa,,,BOTTLE,,54.0,,0.0,
73,franciacorta prima cuvée brut,Monte Rossa,,,MAGNUM,,100.0,,0.0,
74,franciacorta brut p.r. blanc de blancs,Monte Rossa,,,BOTTLE,,,,0.0,
75,franciacorta satèn,Monte Rossa,,,MAGNUM,,80.0,,0.0,
77,franciacorta animante extra brut,Barone Pizzini,,,BOTTLE,,60.0,,8.0,
78,franciacorta golf 1927 brut,Barone Pizzini,,,BOTTLE,,65.0,,4.0,
79,franciacorta satèn,Barone Pizzini,,,BOTTLE,19,,,1.0,
80,spumante brut,Maso Martis,,,BOTTLE,,60.0,,16.0,
81,spumante brut millesimato,Maso Martis,,,MAGNUM,16,105.0,,1.0,
82,spumante ferrari perlé,Ferrari,,,BOTTLE,18,65.0,,6.0,
83,spumante ferrari perlé,Ferrari,,,MAGNUM,12,160.0,,6.0,
84,spumante riserva del fondatore,Giulio Ferrari,,,MAGNUM,8,420.0,,1.0,
86,spumante riserva lunelli,Giulio Ferrari,,,BOTTLE,6,250.0,,0.0,
87,spumante cuvée voyage,Frescobaldi,,,BOTTLE,,38.0,,3.0,
88,spumante riesling brut,P. J. Kuhn,,,BOTTLE,19,50.0,,15.0,
89,spumante lamm n.12 extra brut,Winkler,,,BOTTLE,,65.0,,7.0,
90,spumante extra brut,Loredan Gasparini,,,BOTTLE,1979,45.0,,0.0,
90,spumante extra brut,Loredan Gasparini,,,BOTTLE,2019,45.0,,0.0,
91,prosecco,,,,BOTTLE,,,,0.0,
92,valdobbiadene docg prosecco superiore extra dry,Agostinetto,,,BOTTLE,,25.0,,82.0,
93,valdobbiadene docg vigna del baffo,Agostinetto,,,BOTTLE,,,,4.0,
95,"valdobbiadene prosecco superiore docg ""bareta"" brut",Merotto,,,BOTTLE,,30.0,,42.0,
96,"valdobbiadene prosecco superiore docg ""castè"" extra dry",Merotto,,,BOTTLE,,30.0,,0.0,
97,valdobbiadene prosecco superiore docg brut,Nino Franco,,,BOTTLE,,30.0,,24.0,
98,prosecco millesimato brut,Ardenghi,,,BOTTLE,,30.0,,0.0,
99,"valdobbiadene prosecco superiore docg ""fagher"" brut",Le Colture,,,BOTTLE,,25.0,,0.0,
100,"valdobbiadene prosecco superiore docg ""fagher"" brut",Le Colture,,,MAGNUM,,50.0,,16.0,
101,prosecco extra dry,Borgo Antico,,,BOTTLE,,28.0,,0.0,
102,valdobbiadene docg brut,Ra Spondes de Edy,,,BOTTLE,,,,44.0,
104,vini bianchi,,,,BOTTLE,,,,0.0,
105,trentino alto adige,,,,BOTTLE,,,,0.0,
106,"gewurztraminer ""nussbaumer""",Tramin,,,BOTTLE,20,60.0,,12.0,
109,gewurztraminer,Franz Haas,,,BOTTLE,20,48.0,,17.0,
112,gewurztraminer praepositus,,,,BOTTLE,,,,0.0,
113,gewurtztraminer,Pacherhof,,,BOTTLE,21,45.0,,8.0,
114,gewurtztraminer,Kofererhof,,,BOTTLE,21,38.0,,4.0,
115,"gewurtztraminer ""ceslar""",Cantina di Bolzano,,,BOTTLE,21,28.0,,8.0,
117,manna,Franz Haas,,,MAGNUM,20,120.0,,20.0,
118,kerner,Abbazia di Novacella,,,BOTTLE,20,30.0,,0.0,
121,müller thurgau,Elena Walch,,,BOTTLE,21,23.0,,4.0,
125,pinot grigio,Tramin,,,BOTTLE,22,27.0,,11.0,
126,"riesling ""castel ringberg""",Elena Walch,,,BOTTLE,22,42.0,,32.0,
128,sauvignon,Tramin,,,BOTTLE,22,30.0,,10.0,
129,sauvignon,Elena Walch,,,BOTTLE,22,27.0,,15.0,
130,souvignier gris piwi,Thomas Niedermayr,,,BOTTLE,18,40.0,,3.0,
131,weissburgunder 76,Thomas Niedermayr,,,BOTTLE,17,50.0,,3.0,
132,riesling r,Kofererhof,,,BOTTLE,22,,,12.0,
134,müller thurgau,Kofererhof,,,BOTTLE,,26.0,,0.0,
135,sylvaner,Pacherhof,,,BOTTLE,22,36.0,,8.0,
137,sylvaner stiftsgarten,Abbazia di Novacella,,,BOTTLE,19,98.0,,6.0,
140,friuli venezia giulia,,,,BOTTLE,,,,0.0,
141,chardonnay sharis igt,Livio Felluga,,,BOTTLE,22,36.0,,3.0,
142,chardonnay,Silvio Jermann,,,BOTTLE,21,40.0,,6.0,
143,chardonnay,Borgo Conventi,,,BOTTLE,21,19.0,,1.0,
144,luna di ponca,Borgo Conventi,,,MAGNUM,19,,,1.0,
145,chardonnay zittelle,Miani,,,BOTTLE,20,110.0,,4.0,
148,sauvignon,Miani,,,BOTTLE,18,110.0,,6.0,
150,sauvignon,Miani Zitelle,,,MAGNUM,17,220.0,,1.0,
151,vintage tunina,Silvio Jermann,,,BOTTLE,20,70.0,,0.0,
153,friulano,Miani ,,,BOTTLE,22,56.0,,4.0,
154,friulano doc collio ronco delle cime,Venica,,,BOTTLE,21,60.0,,15.0,
155,friulano,Schioppetto,,,BOTTLE,21,42.0,,15.0,
156,friulano,Simon Komjanc,,,BOTTLE,19,21.0,,0.0,
157,friulano isonzo del friuli doc,Borgo Conventi,,,BOTTLE,21,21.0,,8.0,
158,friulano,Az. Agricola Toros,,,BOTTLE,22,45.0,,10.0,
159,friulano,Meroi,,,BOTTLE,21,50.0,,5.0,
161,ribolla gialla,La Viarte,,,BOTTLE,21,39.0,,5.0,
162,ribolla gialla,Tenuta Stella,,,BOTTLE,19,,,1.0,
163,ribolla gialla collio,Ronco Blanchis,,,BOTTLE,22,,,6.0,
164,pinot grigio,Borgo Conventi,,,BOTTLE,21,21.0,,10.0,
166,pinot bianco,Az. Agricola Toros,,,BOTTLE,21,60.0,,5.0,
167,sauvignon ronco delle mele doc collio,Venica,,,BOTTLE,21,80.0,,11.0,
168,nekaj friulano,Damijan,,,BOTTLE,18,63.0,,1.0,
170,malvasia la mont di zuc,Miani,,,BOTTLE,19,75.0,,5.0,
171,ograde bianco,Skerk,,,BOTTLE,20,70.0,,6.0,
172,vitovska,Kante,,,BOTTLE,19,,,1.0,
173,uve carate bianco doc,Castello di Buttrio,,,BOTTLE,20,75.0,,6.0,
174,malvasia,Tenuta Stella,,,BOTTLE,21,,,1.0,
175,malvasia,Schioppetto,,,BOTTLE,21,42.0,,5.0,
176,malvasia,Amphoreus Paraschos,,,BOTTLE,19,75.0,,4.0,
178,veneto,,,,BOTTLE,19,,,0.0,
179,soave classico montesei classico,Le Battistelle,,,BOTTLE,22,18.0,,10.0,
180,soave,Bertani,,,BOTTLE,22,33.0,,4.0,
181,soave cuvée speciale,Az. Agr. Inama,,,BOTTLE,21,,,3.0,
185,soave classico doc foscarino,Az. Agr. Inama,,,MAGNUM,20,110.0,,4.0,
186,soave classico du lot collection,Az. Agr. Inama,,,BOTTLE,18,75.0,,11.0,
187,soave classico du lot collection,Az. Agr. Inama,,,MAGNUM,18,140.0,,3.0,
189,sauvignon vulcaia fumé,Az. Agr. Inama,,,MAGNUM,20,140.0,,4.0,
190,lugana oasi mantellina,Allegrini,,,BOTTLE,22,33.0,,5.0,
191,incrocio manzoni,Loredan Gasparini,,,BOTTLE,23,,,0.0,
192,ribolla gialla,Loredan Gasparini,,,BOTTLE,22,35.0,,0.0,
194,vivo vino bianco,De Martin A &G,,,BOTTLE,23,,,6.0,
195,pinot grigio,Marco Levis,,,BOTTLE,20,,,5.0,
197,umbria,,,,BOTTLE,,,,0.0,
198,cervaro della sala,Marchesi Antinori,,,BOTTLE,13,120.0,,2.0,
199,cervaro della sala,Marchesi Antinori,,,BOTTLE,14,120.0,,0.0,
201,puglia,,,,BOTTLE,,,,0.0,
202,prenhite verdeca salento igp,Vespa Vignaioli,,,BOTTLE,,,,0.0,
205,sardegna,,,,BOTTLE,,,,0.0,
206,capichera bianco igt,Capichera,,,BOTTLE,5,52.0,,2.0,
207,"vermentino di sardegna ""cala silente""",Santadi,,,BOTTLE,19,21.0,,2.0,
208,vernaccia extra,Produttori riuniti,,,BOTTLE,68,,,1.0,
210,piemonte,,,,BOTTLE,,,,0.0,
211,rossj bass langhe dop,Gaja,,,BOTTLE,21,104.0,,4.0,
212,rossj bass langhe dop,Gaja,,,BOTTLE,22,90.0,,6.0,
213,gavi di gavi,Nicola Bergaglio,,,BOTTLE,20,21.0,,0.0,
215,marche,,,,BOTTLE,,,,0.0,
216,verdicchio di jesi superiore massaccio,Tenute San Sisto,,,BOTTLE,20,28.0,,17.0,
217,pecorino santa maria,Vinicentanni,,,BOTTLE,21,,,5.0,
219,campania,,,,BOTTLE,,,,0.0,
220,furore bianco fiorduva,Marisa Cuomo,,,BOTTLE,18,82.0,,1.0,
221,furore bianco fiorduva,Marisa Cuomo,,,BOTTLE,21,78.0,,0.0,
222,furore bianco fiorduva,Marisa Cuomo,,,BOTTLE,22,42.0,,1.0,
224,toscana,,,,BOTTLE,,,,0.0,
225,sambrena bianco igt,Tenuta La Novella,,,BOTTLE,19,20.0,,5.0,
227,vini bianchi esteri,,,,BOTTLE,,,,0.0,
228,"grüner veltliner ""federspiel rotes tor""",Franz Hirtzberger,,,BOTTLE,13,60.0,,4.0,
229,viognier sauvignon equinoxe,l’Arjolle,,,BOTTLE,22,36.0,,4.0,
230,riesling klausberg private reserve,Nikolaihof,,,BOTTLE,09,90.0,,3.0,
231,riesling smaragd wachau,Nikolaihof,,,BOTTLE,16,72.0,,3.0,
232,riesling vom stein federspiel,Nikolaihof,,,BOTTLE,11,72.0,,1.0,
233,riesling federspiel,Nikolaihof,,,BOTTLE,20,,,6.0,
234,veltriner fruhroter,Nikolaihof,,,BOTTLE,11,40.0,,4.0,
236,grüner veltliner smaragd,Nikolaihof,,,BOTTLE,15,73.0,,3.0,
237,riesling steiner hund,Nikolaihof,,,BOTTLE,15,73.0,,4.0,
238,grüner veltliner,Stift Kloster Neuburg,,,BOTTLE,21,35.0,,3.0,
239,weißburgunder,Stift Kloster Neuburg,,,BOTTLE,21,35.0,,5.0,
240,chardonnay,Stift Kloster Neuburg,,,BOTTLE,21,66.0,,0.0,
241,riesling federspiel,Rudi Pichler,,,BOTTLE,18,40.0,,0.0,
243,chablis mise tardive bio,Domaine Pattes Loup,,,BOTTLE,20,75.0,,0.0,
244,chablis vielles vignes,Domaine Daniel-Etienne Defaix,,,BOTTLE,20,70.0,,5.0,
245,chablis premier cru vaillon,Domaine Daniel-Etienne Defaix,,,BOTTLE,10,90.0,,7.0,
247,équinoxe viognier sauvignon,Domaine Daniel-Etienne Defaix,,,BOTTLE,22,33.0,,0.0,
249,muscat réserve,Domaine Weinbach,,,BOTTLE,11,54.0,,3.0,
250,pinot blanc,Domaine Weinbach,,,BOTTLE,20,40.0,,5.0,
252,chardonnay saint aubin,Domaine Morey Coffinet,,,BOTTLE,20,88.0,,2.0,
253,"rosé ""esprit gassier""",Château Gassier,,,BOTTLE,21,33.0,,0.0,
254,chablis,Thomas Pico,,,BOTTLE,20,,,0.0,
255,chardonnay bourgogne,Antoine Jobard,,,BOTTLE,20,35.0,,0.0,
256,"puligny montrachet premier cru ""les nosroyes""",Genot Boulanger,,,BOTTLE,20,160.0,,2.0,
257,"puligny montrachet premier cru ""la garenne""",Genot Boulanger,,,BOTTLE,20,270.0,,2.0,
258,les tilles blanc meursault,Domaine Pierre Labet ,,,BOTTLE,20,150.0,,3.0,
259,chardonnay,Weingut Martin Wassmer,,,BOTTLE,21,,,6.0,
261,"altri vini biodinamici, biologici e naturali",,,,BOTTLE,,,,0.0,
262,"garganega ""bucce"" macerato",Marco Mosconi,,,BOTTLE,19,34.0,,0.0,
262,"garganega ""bucce"" macerato",Marco Mosconi,,,BOTTLE,20,34.0,,0.0,
264,vini rosati,,,,BOTTLE,,,,0.0,
266,rumor cotes de provence,,,,BOTTLE,,,,0.0,
267,espirit grassier,ed limitata,,,BOTTLE,,,,2.0,
268,vini rossi,,,,BOTTLE,,,,0.0,
269,veneto,,,,BOTTLE,,,,0.0,
270,azienda agricola quintarelli,,,,BOTTLE,,,,0.0,
272,alzero,Azienda Agricola Quintarelli,,,BOTTLE,14,450.0,,4.0,
274,rosso del bepi,Azienda Agricola Quintarelli,,,MAGNUM,14,450.0,,2.0,
275,amarone,Azienda Agricola Quintarelli,,,BOTTLE,12,407.0,,5.0,
276,amarone,Azienda Agricola Quintarelli,,,BOTTLE,13,410.0,,3.0,
277,amarone,Azienda Agricola Quintarelli,,,MAGNUM,11,860.0,,1.0,
278,amarone,Azienda Agricola Quintarelli,,,MAGNUM,12,890.0,,2.0,
279,monteversa,,,,BOTTLE,,,,0.0,
281,rosso bio animaversa,Monteversa,,,MAGNUM,15,90.0,,0.0,
282,rosso bio versacinto,Monteversa,,,BOTTLE,19,25.0,,5.0,
283,bonotto delle tezze,,,,BOTTLE,,,,0.0,
284,carmenere barbane,Bonotto Delle Tezze,,,BOTTLE,20,21.0,,6.0,
285,malanotte,Bonotto Delle Tezze,,,BOTTLE,15,48.0,,1.0,
286,raboso,Bonotto Delle Tezze,,,BOTTLE,16,30.0,,1.0,
287,raboso,Bonotto Delle Tezze,,,BOTTLE,19,30.0,,6.0,
288,raboso,Bonotto Delle Tezze,,,BOTTLE,17,30.0,,12.0,
289,loredan e gasparini,,,,BOTTLE,,,,0.0,
290,falconera,Loredan Gasparini,,,MAGNUM,16,,,1.0,
292,venegazzù della casa,Loredan e Gasparini,,,MAGNUM,18,100.0,,4.0,
293,venegazzù capo di stato,Loredan e Gasparini,,,BOTTLE,18,80.0,,8.0,
294,venegazzù capo di stato,Loredan e Gasparini,,,MAGNUM,17,180.0,,1.0,
295,venegazzù capo di stato,Loredan e Gasparini,,,MAGNUM,18,180.0,,3.0,
296,venegazzù capo di stato,Loredan e Gasparini,,,JEROBOAM,12,260.0,,1.0,
297,venegazzù capo di stato,Loredan e Gasparini,,,JEROBOAM,13,250.0,,1.0,
298,venegazzù capo di stato,Loredan e Gasparini,,,JEROBOAM,15,240.0,,1.0,
299,serafini vidotto,,,,BOTTLE,,,,0.0,
301,rosso phigaia magnum,Serafini Vidotto,,,MAGNUM,20,90.0,,1.0,
303,brigaldara,,,,BOTTLE,,,,0.0,
304,valpolicella superiore il vegro (ripassa),Brigaldara,,,BOTTLE,20,36.0,,10.0,
305,valpolicella superiore il vegro (ripassa),Brigaldara,,,MAGNUM,19,80.0,,2.0,
306,amarone della valpolicella classico,Brigaldara,,,BOTTLE,18,58.0,,23.0,
307,amarone della valpolicella classico,Brigaldara,,,MAGNUM,17,130.0,,1.0,
308,amarone della valpolicella case vecie,Brigaldara,,,MAGNUM,19,120.0,,0.0,
309,amarone della valpolicella case vecie,Brigaldara,,,BOTTLE,17,65.0,,3.0,
310,valpolicella superiore case vecie,Brigaldara,,,BOTTLE,21,35.0,,12.0,
311,valpolicella superiore case vecie,Brigaldara,,,MAGNUM,19,,,2.0,
312,mosole,,,,BOTTLE,,,,0.0,
313,cabernet hora sexta,Mosole,,,BOTTLE,15,35.0,,1.0,
314,merlot ad nonam,Mosole,,,BOTTLE,16,52.0,,7.0,
315,lorenzo begali,,,,BOTTLE,,,,0.0,
316,amarone cru monte ca’bianca,Lorenzo Begali,,,MAGNUM,06,140.0,,1.0,
317,amarone cru monte ca’bianca,Lorenzo Begali,,,MAGNUM,13,150.0,,2.0,
318,zenato,,,,BOTTLE,,,,0.0,
320,valpolicella superiore ripassa,Zenato,,,MAGNUM,19,110.0,,1.0,
321,amarone della valpolicella,Zenato,,,BOTTLE,18,64.0,,8.0,
322,amarone della valpolicella,Zenato,,,MAGNUM,18,,,3.0,
323,allegrini,,,,BOTTLE,,,,0.0,
325,amarone,Allegrini,,,BOTTLE,17,100.0,,0.0,
326,amarone,Allegrini,,,BOTTLE,18,100.0,,0.0,
327,amarone corte giara,Allegrini,,,BOTTLE,17,66.0,,0.0,
327,amarone corte giara,Allegrini,,,BOTTLE,19,66.0,,0.0,
327,amarone corte giara,Allegrini,,,BOTTLE,20,66.0,,0.0,
329,veronese palazzo della torre,Allegrini,,,MAGNUM,20,75.0,,2.0,
330,veronese palazzo della torre,Allegrini,,,JEROBOAM,10,140.0,,1.0,
332,le salette,,,,BOTTLE,,,,0.0,
333,valpolicella,Le Salette,,,BOTTLE,22,24.0,,16.0,
334,valpolicella superiore ripasso “i progni”,Le Salette,,,BOTTLE,20,39.0,,11.0,
335,amarone la marega,Le Salette,,,BOTTLE,16,80.0,,5.0,
336,amarone pergole vecie,Le Salette,,,BOTTLE,16,120.0,,2.0,
337,marco mosconi,,,,BOTTLE,,,,0.0,
339,paolo cottini,,,,BOTTLE,,,,0.0,
341,valpolicella ripasso,Paolo Cottini,,,BOTTLE,,33.0,,0.0,
342,valpolicella ripasso magnum,Paolo Cottini,,,MAGNUM,21,80.0,,3.0,
344,masi,,,,BOTTLE,,,,0.0,
345,valpolicella ripassa campofiorin,Masi,,,BOTTLE,20,37.0,,22.0,
346,valpolicella ripassa campofiorin,Masi,,,MAGNUM,20,68.0,,5.0,
347,amarone costasera,Masi,,,BOTTLE,18,65.0,,15.0,
348,amarone costasera,Masi,,,BOTTLE,17,65.0,,0.0,
350,amarone campolongo,Masi,,,BOTTLE,13,145.0,,2.0,
351,corte giara,,,,BOTTLE,,,,0.0,
353,speri,,,,BOTTLE,,,,0.0,
355,valpolicella ripasso,Speri,,,BOTTLE,21,35.0,,15.0,
358,villa spinosa,,,,BOTTLE,,,,0.0,
359,amarone della valpolicella,Villa Spinosa,,,BOTTLE,18,,,16.0,
360,valpolicella classico jago,Villa Spinosa,,,BOTTLE,19,,,12.0,
361,la montecchia,,,,BOTTLE,,,,0.0,
363,carmenere progetto recupero,La Montecchia,,,BOTTLE,20,32.0,,2.0,
364,carmenere progetto recupero,La Montecchia,,,BOTTLE,21,32.0,,25.0,
365,azienda agricola puntozero,,,,BOTTLE,,,,0.0,
366,carmenere rosso,Az. Agr. Puntozero,,,BOTTLE,16,48.0,,4.0,
367,tai rosso,Az. Agr. Puntozero,,,BOTTLE,18,48.0,,1.0,
368,merlot,Az. Agr. Puntozero,,,BOTTLE,15,75.0,,2.0,
369,azienda agricola nicolis,,,,BOTTLE,,,,0.0,
370,amarone valpolicella classico,Az. Agr. Nicolis,,,MAGNUM,10,170.0,,2.0,
371,azienda agricola inama,,,,BOTTLE,,,,0.0,
372,carmenere riserva oratorio di san lorenzo,Az. Agr. Inama,,,BOTTLE,13,70.0,,2.0,
373,carmenere riserva oratorio di san lorenzo,Az. Agr. Inama,,,BOTTLE,16,70.0,,4.0,
374,carmenere riserva oratorio di san lorenzo,Az. Agr. Inama,,,BOTTLE,17,110.0,,11.0,
375,carmenere riserva oratorio di san lorenzo,Az. Agr. Inama,,,MAGNUM,16,140.0,,2.0,
376,carmenere riserva oratorio di san lorenzo,Az. Agr. Inama,,,MAGNUM,17,250.0,,3.0,
380,carmenere carminium colli berici,Az. Agr. Inama,,,MAGNUM,18,150.0,,7.0,
381,carmenere più veneto rosso igt,Az. Agr. Inama,,,MAGNUM,18,70.0,,1.0,
383,"cabernet sauvignon ""bradisismo"" colli berici doc",Az. Agr. Inama,,,MAGNUM,19,120.0,,5.0,
384,bertani,,,,BOTTLE,,,,0.0,
385,secco,Bertani,,,MAGNUM,19,90.0,,5.0,
386,recioto valpolicella amarone,Bertani,,,BOTTLE,1975,840.0,,1.0,
387,amarone valpolicella classico,Bertani,,,BOTTLE,12,125.0,,1.0,
388,amarone valpolicella classico,Bertani,,,MAGNUM,12,330.0,,2.0,
389,pian della vette,,,,BOTTLE,,,,0.0,
390,pinot nero,Pian delle vette,,,BOTTLE,19,,,12.0,
391,le guaite di noemi,,,,BOTTLE,,,,0.0,
392,valpolicella superiore,Le Guaite di Noemi,,,BOTTLE,12,48.0,,18.0,
393,valpolicella superiore,Le Guaite di Noemi,,,MAGNUM,12,105.0,,0.0,
394,valpolicella ripasso,Le Guaite di Noemi,,,BOTTLE,17,66.0,,5.0,
395,valpolicella ripasso,Le Guaite di Noemi,,,MAGNUM,12,132.0,,2.0,
396,amarone,Le Guaite di Noemi,,,BOTTLE,11,86.0,,8.0,
397,amarone,Le Guaite di Noemi,,,MAGNUM,11,180.0,,3.0,
398,val de pol,,,,BOTTLE,,,,0.0,
399,pinot nero cors,Val De Pol,,,BOTTLE,21,45.0,,37.0,
400,pinot nero frazesca,Val De Pol,,,BOTTLE,20,75.0,,3.0,
401,pinot nero corletta,Val De Pol,,,BOTTLE,19,98.0,,0.0,
402,azienda agricola montebrecale,,,,BOTTLE,,,,0.0,
403,ammonite rosso,Az. Agr. Montebrecale,,,BOTTLE,20,30.0,,20.0,
404,a & g de martin,,,,BOTTLE,,,,0.0,
405,silenzio rosso,A & G De Martin,,,BOTTLE,23,,,10.0,
406,trentino alto adige,,,,BOTTLE,,,,0.0,
407,cantina di bolzano gries / santa maddalena,,,,BOTTLE,,,,0.0,
408,blauburgunder,Cantina di Bolzano Gries / Santa Maddalena,,,BOTTLE,2021,30.0,,0.0,
408,blauburgunder,Cantina di Bolzano Gries / Santa Maddalena,,,BOTTLE,2022,30.0,,0.0,
412,pinot nero riserva,Cantina di Bolzano Gries / Santa Maddalena,,,BOTTLE,16,48.0,,0.0,
414,lagrein taber,Cantina di Bolzano Gries / Santa Maddalena,,,BOTTLE,20,75.0,,2.0,
415,lagrein taber,Cantina di Bolzano Gries / Santa Maddalena,,,MAGNUM,16,150.0,,3.0,
416,merlot lagrein mauritius,Cantina di Bolzano Gries / Santa Maddalena,,,BOTTLE,19,70.0,,4.0,
417,merlot lagrein mauritius,Cantina di Bolzano Gries / Santa Maddalena,,,MAGNUM,16,130.0,,1.0,
418,gumphof,,,,BOTTLE,,,,0.0,
419,blauburgunder,Gumphof,,,MAGNUM,17,105.0,,0.0,
420,tenuta j. hofstätter,,,,BOTTLE,,,,0.0,
422,lagrein steinraffler,Tenuta J. Hofstätter ,,,BOTTLE,19,55.0,,18.0,
423,sant’urbano barthenau,Tenuta J. Hofstätter ,,,BOTTLE,16,90.0,,0.0,
424,sant’urbano barthenau,Tenuta J. Hofstätter ,,,BOTTLE,19,98.0,,3.0,
425,sant’urbano barthenau,Tenuta J. Hofstätter ,,,MAGNUM,16,200.0,,2.0,
426,sant’urbano,Tenuta J. Hofstätter ,,,JEROBOAM,7,360.0,,1.0,
427,alois lageder,,,,BOTTLE,,,,0.0,
428,blauburgunder,Alois Lageder,,,BOTTLE,21,30.0,,7.0,
429,lagrein,Alois Lageder,,,BOTTLE,21,30.0,,3.0,
430,lagrein conus riserva (bio),Alois Lageder,,,BOTTLE,20,42.0,,6.0,
431,cabernet riserva,Alois Lageder,,,BOTTLE,2,33.0,,2.0,
435,carlotto ferruccio,,,,BOTTLE,,,,0.0,
436,pinot nero,Carlotto Ferruccio,,,BOTTLE,20,57.0,,21.0,
437,pinot nero,Carlotto Ferruccio,,,MAGNUM,21,123.0,,3.0,
438,lagrein riserva di ora in ora,Carlotto Ferruccio,,,BOTTLE,20,45.0,,24.0,
439,cantina di termeno,,,,BOTTLE,,,,0.0,
440,lagrein,Cantina di Termeno,,,BOTTLE,22,30.0,,3.0,
441,lagrein urban riserva,Cantina di Termeno,,,BOTTLE,20,66.0,,11.0,
442,gottardi,,,,BOTTLE,,,,0.0,
444,pinot nero riserva,Gottardi,,,BOTTLE,17,75.0,,9.0,
445,pinot nero,Gottardi,,,MAGNUM,18,140.0,,0.0,
446,girlan,,,,BOTTLE,,,,0.0,
447,gschleier vecchie vigne,Girlan,,,BOTTLE,,,,0.0,
448,vigna ganger,Girlan,,,BOTTLE,,,,0.0,
449,barone de cles,,,,BOTTLE,,,,0.0,
450,teroldego rotaliano,Barone De Cles,,,BOTTLE,17,34.0,,0.0,
450,teroldego rotaliano,Barone De Cles,,,BOTTLE,19,34.0,,0.0,
451,cantina rotaliana,,,,BOTTLE,,,,0.0,
452,teroldego rotaliano,Cantina Rotaliana,,,BOTTLE,13,56.0,,6.0,
453,waldgries,,,,BOTTLE,,,,0.0,
456,schreckbichl/colterenzio,,,,BOTTLE,,,,0.0,
458,merlot siebeneich riserva,Schreckbichl/Colterenzio,,,BOTTLE,19,39.0,,0.0,
459,merlot siebeneich riserva,Schreckbichl/Colterenzio,,,BOTTLE,21,39.0,,6.0,
460,blauburgunder,Schreckbichl/Colterenzio,,,BOTTLE,22,30.0,,10.0,
461,blauburgunder riserva st.daniel,Schreckbichl/Colterenzio,,,BOTTLE,20,39.0,,5.0,
462,lagrein mantsch,Schreckbichl/Colterenzio,,,BOTTLE,17,39.0,,0.0,
462,lagrein mantsch,Schreckbichl/Colterenzio,,,BOTTLE,20,39.0,,0.0,
463,elena walch,,,,BOTTLE,,,,0.0,
466,lagrein riserva castel ringberg,Elena Walch,,,BOTTLE,20,54.0,,24.0,
467,lagrein,Elena Walch,,,BOTTLE,22,32.0,,23.0,
468,blauburgunder,Elena Walch,,,BOTTLE,22,33.0,,9.0,
470,franz haas,,,,BOTTLE,,,,0.0,
472,pinot nero schweizer,Franz Haas,,,BOTTLE,19,70.0,,0.0,
472,pinot nero schweizer,Franz Haas,,,BOTTLE,20,70.0,,0.0,
473,pinot nero,Franz Haas,,,BOTTLE,21,54.0,,4.0,
474,pinot nero magnum,Franz Haas,,,BOTTLE,18,110.0,,0.0,
474,pinot nero magnum,Franz Haas,,,BOTTLE,21,110.0,,0.0,
475,abbazia di novacella,,,,BOTTLE,,,,0.0,
477,pinot nero riserva vigna oberhof suedtirol,Abbazia di Novacella,,,BOTTLE,19,110.0,,0.0,
479,lagrein,Abbazia di Novacella,,,BOTTLE,22,29.0,,24.0,
481,marcus prackwierser,,,,BOTTLE,,,,0.0,
482,praesulis,Marcus Prackwierser,,,BOTTLE,18,,,1.0,
483,tenuta klosterhof,,,,BOTTLE,,,,0.0,
484,pinot nero schwarze madonna,Tenuta Klosterhof,,,BOTTLE,18,62.0,,9.0,
485,friuli venezia giulia,,,,BOTTLE,,,,0.0,
486,silvio jermann,,,,BOTTLE,,,,0.0,
488,miani,,,,BOTTLE,,,,0.0,
489,rosso,Miani,,,BOTTLE,20,130.0,,6.0,
490,refosco cossut,Miani,,,BOTTLE,20,160.0,,5.0,
491,refosco la mont di zuc,Miani ,,,BOTTLE,19,,,1.0,
492,filip merlot,Miani,,,BOTTLE,20,,,5.0,
493,castelvecchio,,,,BOTTLE,,,,0.0,
494,cabernet franc,Castelvecchio,,,BOTTLE,19,30.0,,0.0,
496,cabernet sauvignon,Castelvecchio,,,BOTTLE,20,30.0,,10.0,
497,sagrado,Castelvecchio,,,BOTTLE,11,42.0,,1.0,
498,sagrado,Castelvecchio,,,BOTTLE,18,42.0,,5.0,
499,borgo conventi,,,,BOTTLE,,,,0.0,
500,cabernet franc isonzo,Borgo Conventi,,,BOTTLE,22,21.0,,19.0,
501,refosco isonzo,Borgo Conventi,,,BOTTLE,22,21.0,,5.0,
502,schiopettino,Borgo Conventi,,,BOTTLE,19,,,10.0,
503,schioppetto,,,,BOTTLE,,,,0.0,
504,rivarossa,Schioppetto,,,BOTTLE,18,45.0,,11.0,
506,blumeri,Schioppetto,,,BOTTLE,18,65.0,,9.0,
507,cabernet sauvignon,Schioppetto,,,BOTTLE,20,33.0,,0.0,
508,cabernet sauvignon magnum,Schioppetto,,,BOTTLE,20,70.0,,0.0,
509,antico broilo,,,,BOTTLE,,,,0.0,
510,pinot nero,Antico Broilo,,,JEROBOAM,15,,,1.0,
511,meroi,,,,BOTTLE,,,,0.0,
513,rosso nestri,Meroi,,,BOTTLE,,35.0,,0.0,
514,cantina produttori di cormons,,,,BOTTLE,,,,0.0,
515,pignolo,Cantina Produttori di Cormons,,,BOTTLE,15,36.0,,0.0,
516,livio felluga,,,,BOTTLE,,,,0.0,
517,cabernet merlot vertigo,Livio Felluga,,,BOTTLE,21,28.0,,10.0,
518,russiz superiore marco felluga,,,,BOTTLE,,,,0.0,
519,rosso collio riserva degli orzoni,Marco Felluga Russiz sup.,,,BOTTLE,18,75.0,,3.0,
520,cabernet franc isonzo,Marco Felluga Russiz sup.,,,BOTTLE,21,45.0,,9.0,
521,cabernet franc,Marco Felluga Russiz sup.,,,BOTTLE,21,,,0.0,
522,cabernet franc,Marco Felluga Russiz sup.,,,MAGNUM,21,,,3.0,
523,azienda agricola la viarte,,,,BOTTLE,,,,0.0,
524,refosco peduncolo rosso,Az. Agr. La Viarte,,,BOTTLE,10,55.0,,2.0,
525,refosco riserva,Az. Agr. La Viarte,,,BOTTLE,14,60.0,,6.0,
526,merlot riserva,Az. Agr. La Viarte,,,BOTTLE,14,54.0,,8.0,
527,schiopettino,Az. Agr. La Viarte,,,BOTTLE,11,46.0,,5.0,
528,tazzelenghe,Az. Agr. La Viarte,,,BOTTLE,12,66.0,,5.0,
529,tazzelenghe,Az. Agr. La Viarte,,,BOTTLE,13,66.0,,6.0,
530,alexis paraschos,,,,BOTTLE,,,,0.0,
531,skala merlot,Alexis Paraschos,,,BOTTLE,15,75.0,,6.0,
532,castello di buttrio,,,,BOTTLE,,,,0.0,
533,merlot colli orientali,Castello di Buttrio,,,MAGNUM,19,75.0,,2.0,
534,merlot colli orientali,Castello di Buttrio,,,BOTTLE,20,35.0,,31.0,
535,refosco colli orientali,Castello di Buttrio,,,MAGNUM,19,75.0,,3.0,
536,refosco colli orientali,Castello di Buttrio,,,BOTTLE,20,35.0,,36.0,
537,conte d’attimis maniago,,,,BOTTLE,,,,0.0,
538,tazzelenghe,Conte d’Attimis Maniago,,,MAGNUM,2016,,,1.0,
539,lis neris,,,,BOTTLE,,,,0.0,
541,cabernet sauvignon,Lis Neris,,,MAGNUM,20,75.0,,5.0,
542,piemonte,,,,BOTTLE,,,,0.0,
543,ceretto,Ceretto,,,BOTTLE,,,,0.0,
544,barolo brunate,Ceretto,,,BOTTLE,15,155.0,,4.0,
545,barolo brunate,Ceretto,,,BOTTLE,19,155.0,,2.0,
546,barbaresco,Ceretto,,,BOTTLE,19,65.0,,0.0,
547,barbaresco,Ceretto,,,BOTTLE,20,65.0,,0.0,
548,barbaresco asili,Ceretto,,,BOTTLE,15,250.0,,1.0,
549,monsordo,Ceretto,,,BOTTLE,21,45.0,,5.0,
550,gaja,,,,BOTTLE,,,,0.0,
551,barolo dagromis,Gaja,,,BOTTLE,18,120.0,,1.0,
552,barolo dagromis,Gaja,,,BOTTLE,19,110.0,,4.0,
553,barbaresco,Gaja,,,BOTTLE,13,280.0,,0.0,
554,barbaresco,Gaja,,,BOTTLE,16,280.0,,0.0,
555,barbaresco,Gaja,,,BOTTLE,19,260.0,,3.0,
556,barbaresco,Gaja,,,BOTTLE,20,300.0,,3.0,
557,barbaresco,Gaja,,,MAGNUM,16,650.0,,1.0,
559,sperss barolo langhe,Gaja,,,BOTTLE,14,380.0,,2.0,
560,sperss barolo langhe,Gaja,,,BOTTLE,17,360.0,,3.0,
561,barbera,Gaja,,,BOTTLE,73,,,1.0,
562,travaglini,,,,BOTTLE,,,,0.0,
563,gattinara,Travaglini,,,BOTTLE,19,55.0,,0.0,
564,gattinara,Travaglini,,,BOTTLE,20,55.0,,3.0,
565,gattinara magnum,Travaglini,,,BOTTLE,15,120.0,,1.0,
566,gattinara magnum,Travaglini,,,BOTTLE,20,120.0,,3.0,
567,azienza agricola negro,,,,BOTTLE,,,,0.0,
568,nebbiolo roero riserva sudisfà,Az. Agr. Negro,,,BOTTLE,,70.0,,0.0,
569,barolo serralunga,Az. Agr. Negro,,,BOTTLE,16,85.0,,3.0,
570,barbaresco basarin,Az. Agr. Negro,,,BOTTLE,20,,,2.0,
571,ciabot roero riserva,,,,BOTTLE,,,,0.0,
572,ciabot roero riserva magnum,Az. Agr. Negro,,,MAGNUM,19,75.0,,1.0,
573,vietti,,,,BOTTLE,,,,0.0,
576,azienda vinicola reva,,,,BOTTLE,,,,0.0,
577,nebbiolo amfora selezione,Az. Vinicola Reva,,,BOTTLE,20,42.0,,0.0,
578,g.d.vajra,,,,BOTTLE,,,,0.0,
579,barolo albe,Az. Agr. G.D. Vajra,,,BOTTLE,18,70.0,,8.0,
580,barbera,Az. Agr. G.D. Vajra,,,BOTTLE,21,35.0,,2.0,
583,paolo scavino,,,,BOTTLE,,,,0.0,
587,barolo,Paolo Scavino,,,BOTTLE,18,,,0.0,
588,nebbiolo,Paolo Scavino,,,BOTTLE,22,,,41.0,
589,toscana,,,,BOTTLE,,,,0.0,
590,aia vecchia,,,,BOTTLE,,,,0.0,
591,lagone igt,Aia Vecchia,,,BOTTLE,16,25.0,,0.0,
592,lagone igt,Aia Vecchia,,,MAGNUM,17,70.0,,1.0,
593,tenuta dell'ornellaia,,,,BOTTLE,,,,0.0,
594,rosso masseto,Tenuta dell'Ornellaia,,,BOTTLE,15,2000.0,,1.0,
596,ornellaia,Tenuta dell'Ornellaia,,,MAGNUM,20,580.0,,0.0,
597,rosso serre nuove,Tenuta dell'Ornellaia,,,BOTTLE,20,70.0,,2.0,
598,le volte,Tenuta dell'Ornellaia,,,BOTTLE,21,40.0,,7.0,
599,le volte,Tenuta dell'Ornellaia,,,MAGNUM,20,80.0,,0.0,
599,le volte,Tenuta dell'Ornellaia,,,MAGNUM,21,80.0,,0.0,
600,avignonesi,,,,BOTTLE,,,,0.0,
601,nobile di montepulciano,Avignonesi,,,BOTTLE,15,45.0,,0.0,
602,ormanni,,,,BOTTLE,,,,0.0,
603,chianti classico riserva,Ormanni,,,BOTTLE,15,39.0,,0.0,
604,chianti classico riserva,Ormanni,,,MAGNUM,15,80.0,,2.0,
605,gaja,,,,BOTTLE,,,,0.0,
606,brunello di montalcino sugarille pieve s. restituita,Gaja,,,BOTTLE,18,220.0,,0.0,
607,san leonino,,,,BOTTLE,,,,0.0,
608,monsenese chianti classico riserva,San Leonino,,,BOTTLE,17,27.0,,10.0,
609,tenuta “il fantone”,,,,BOTTLE,,,,0.0,
610,cabernet sauvignon,Tenuta Il Fantone,,,BOTTLE,19,42.0,,1.0,
611,syrah lago nero,Tenuta Il Fantone,,,BOTTLE,19,40.0,,4.0,
612,fratini,,,,BOTTLE,,,,0.0,
613,bolgheri superiore,Fratini,,,BOTTLE,17,260.0,,4.0,
614,marchesi antinori,,,,BOTTLE,,,,0.0,
615,brunello di montalcino pian delle vigne,Marchesi Antinori,,,BOTTLE,18,85.0,,3.0,
616,guado al tasso bolgheri superiore,Marchesi Antinori,,,BOTTLE,17,180.0,,5.0,
617,tignanello,Marchesi Antinori,,,BOTTLE,20,190.0,,4.0,
618,tignanello,Marchesi Antinori,,,MAGNUM,20,,,1.0,
620,chianti peppoli,Marchesi Antinori,,,BOTTLE,21,37.0,,2.0,
621,marchesi frescobaldi,,,,BOTTLE,,,,0.0,
623,merlot lamaione,Marchesi Frescobaldi,,,BOTTLE,14,72.0,,4.0,
624,merlot lamaione,Marchesi Frescobaldi,,,BOTTLE,18,72.0,,6.0,
625,mormoreto,Marchesi Frescobaldi,,,BOTTLE,20,74.0,,5.0,
626,mastrojanni,,,,BOTTLE,,,,0.0,
627,rosso di montalcino,Mastrojanni,,,BOTTLE,20,40.0,,7.0,
628,brunello di montalcino,Mastrojanni,,,BOTTLE,14,90.0,,3.0,
629,brunello di montalcino,Mastrojanni,,,BOTTLE,17,90.0,,5.0,
630,corte dei venti,,,,BOTTLE,,,,0.0,
632,brunello di montalcino,Corte dei Venti,,,BOTTLE,14,80.0,,4.0,
633,brunello di montalcino dama elena,Corte dei Venti,,,BOTTLE,12,95.0,,1.0,
634,azienda agricola tenuta luce,,,,BOTTLE,,,,0.0,
635,lucente rosso,Az. Agr. Tenuta Luce,,,BOTTLE,20,48.0,,0.0,
636,marchesi mazzei,,,,BOTTLE,,,,0.0,
637,morellino di scansano belgvardo riserva,Marchesi Mazzei,,,BOTTLE,17,30.0,,2.0,
638,tenuta san guido,,,,BOTTLE,,,,0.0,
639,le difese,Tenuta San Guido,,,BOTTLE,22,42.0,,12.0,
640,guidalberto,Tenuta San Guido,,,BOTTLE,21,60.0,,8.0,
641,sassicaia bolgheri,Tenuta San Guido,,,BOTTLE,12,400.0,,3.0,
642,sassicaia bolgheri,Tenuta San Guido,,,BOTTLE,16,400.0,,4.0,
643,sassicaia bolgheri,Tenuta San Guido,,,BOTTLE,17,380.0,,6.0,
644,sassicaia bolgheri,Tenuta San Guido,,,BOTTLE,18,380.0,,5.0,
645,urlari pervale,,,,BOTTLE,,,,0.0,
646,rosso,Urlari Pervale,,,BOTTLE,16,28.0,,12.0,
647,rosso magnum,Urlari Pervale,,,BOTTLE,17,60.0,,3.0,
648,caccia al piano,,,,BOTTLE,,,,0.0,
649,ruit hora bolgheri,Caccia al Piano,,,BOTTLE,17,35.0,,0.0,
650,ruit hora bolgheri,Caccia al Piano,,,BOTTLE,19,35.0,,0.0,
651,mosenese,,,,BOTTLE,,,,0.0,
652,chianti classico riserva docg,Mosenese,,,BOTTLE,17,31.0,,0.0,
653,az. agricola s.caterina tenuta tre rose,,,,BOTTLE,,,,0.0,
654,nobile di montepulciano,Az. Agr. S. Caterina Tenuta Tre Rose,,,BOTTLE,19,1.25,,1.0,
655,vigna spuntali,,,,BOTTLE,,,,0.0,
656,brunello di montalcino,Vigna Spuntali,,,BOTTLE,16,85.0,,4.0,
657,san felice,,,,BOTTLE,,,,0.0,
658,brunello di montalcino campogiovanni,San Felice,,,BOTTLE,18,90.0,,0.0,
659,il grigio riserva,San Felice,,,BOTTLE,19,36.0,,5.0,
660,rosso di montalcino,San Felice,,,BOTTLE,21,33.0,,0.0,
661,biondi santi,,,,BOTTLE,,,,0.0,
662,brunello di montalcino,Biondi Santi,,,BOTTLE,68,,,1.0,
663,castello d’albola,,,,BOTTLE,,,,0.0,
664,acciaiolo,Castello d’Albola,,,BOTTLE,9,,,1.0,
665,val di suga,,,,BOTTLE,,,,0.0,
666,rosso di montalcino,Val di Suga,,,BOTTLE,20,45.0,,10.0,
667,brunello di montalcino,Val di Suga,,,BOTTLE,16,,,0.0,
668,la fiorita,,,,BOTTLE,,,,0.0,
669,brunello di montalcino,La Fiorita,,,BOTTLE,5,,,1.0,
670,gaja,,,,BOTTLE,,,,0.0,
671,brunello di montalcino santa restituta,Gaja,,,BOTTLE,18,,,3.0,
672,emilia romagna,,,,BOTTLE,,,,0.0,
673,otello ceci,,,,BOTTLE,,,,0.0,
674,lambrusco,Otello Ceci,,,BOTTLE,,24.0,,11.0,
675,marche,,,,BOTTLE,,,,0.0,
676,umani ronchi,,,,BOTTLE,,,,0.0,
679,puglia,,,,BOTTLE,,,,0.0,
680,vespa vignaioli,,,,BOTTLE,,,,0.0,
683,nero di troia “helena”,Vespa Vignaioli,,,BOTTLE,15,90.0,,8.0,
684,petrelli,,,,BOTTLE,,,,0.0,
685,salice rosso centopietre,Petrelli,,,BOTTLE,13,20.0,,0.0,
686,sicilia,,,,BOTTLE,,,,0.0,
687,vigneri,,,,BOTTLE,,,,0.0,
688,i vigneri,Vigneri,,,BOTTLE,16,40.0,,2.0,
689,i vigneri,Vigneri,,,BOTTLE,17,36.0,,9.0,
690,planeta,,,,BOTTLE,,,,0.0,
691,santa cecilia,Planeta,,,BOTTLE,11,48.0,,5.0,
692,santa cecilia,Planeta,,,BOTTLE,17,54.0,,1.0,
693,burdese,Planeta,,,BOTTLE,3,55.0,,2.0,
694,burdese,Planeta,,,BOTTLE,5,55.0,,5.0,
695,passopisciaro,,,,BOTTLE,,,,0.0,
697,firriato,,,,BOTTLE,,,,0.0,
700,cottanera,,,,BOTTLE,,,,0.0,
701,etna rosso diciassettesalme,Cottanera,,,BOTTLE,19,32.0,,9.0,
702,etna rosso riserva contrada zottorinoto,Cottanera,,,BOTTLE,16,100.0,,6.0,
703,fondo antico,,,,BOTTLE,,,,0.0,
704,nero d’avola,Fondo Antico,,,BOTTLE,16,20.0,,0.0,
705,il canto togliere,Fondo Antico,,,BOTTLE,12,25.0,,5.0,
706,spadafora,,,,BOTTLE,,,,0.0,
707,rosso don pietro togliere,Spadafora,,,BOTTLE,7,35.0,,2.0,
708,azienda agricola monte rosso,,,,BOTTLE,,,,0.0,
709,etna rosso volcano,Az. Agr. Monte Rosso,,,BOTTLE,19,42.0,,8.0,
711,sardegna,,,,BOTTLE,,,,0.0,
712,santadi,,,,BOTTLE,,,,0.0,
713,terre brune superiore,Santadi,,,BOTTLE,18,70.0,,2.0,
714,terre brune superiore,Santadi,,,BOTTLE,19,70.0,,3.0,
715,carignano del sulcis rocca rubia riserva,Santadi,,,BOTTLE,12,40.0,,1.0,
716,carignano del sulcis rocca rubia riserva,Santadi,,,BOTTLE,17,38.0,,1.0,
717,carignano del sulcis rocca rubia riserva,Santadi,,,BOTTLE,20,38.0,,6.0,
718,ferruccio deiana,,,,BOTTLE,,,,0.0,
719,cannonau sileno,Ferruccio Deiana,,,BOTTLE,14,40.0,,0.0,
720,argiolas,,,,BOTTLE,,,,0.0,
721,rosso iselis,Argiolas,,,BOTTLE,12,36.0,,5.0,
722,cannonau costera,Argiolas,,,BOTTLE,14,40.0,,0.0,
723,cannonau costera,Argiolas,,,BOTTLE,16,40.0,,1.0,
724,cannonau costera,Argiolas,,,BOTTLE,19,38.0,,3.0,
725,turriga,Argiolas,,,BOTTLE,16,126.0,,1.0,
726,turriga,Argiolas,,,BOTTLE,19,130.0,,6.0,
728,"altri vini biodinamici, biologici e naturali",,,,BOTTLE,,,,0.0,
729,cantina d'isera,,,,BOTTLE,,,,0.0,
730,marzemino d'isera trentino superiore,Cantina d'Isera,,,BOTTLE,19,30.0,,7.0,
731,marco mosconi,,,,BOTTLE,,,,0.0,
732,rosso tre monelli,Marco Mosconi,,,BOTTLE,21,34.0,,0.0,
733,masi tupungato,,,,BOTTLE,,,,0.0,
734,rosso di malbec e corvina passo doble tierra soleada,Masi Tupungato,,,BOTTLE,20,45.0,,0.0,
735,vinicentanni,,,,BOTTLE,,,,0.0,
736,rosso primodelia bio,Vinicentanni,,,BOTTLE,19,,,5.0,
737,rosso piceno renarie bio,Vinicentanni,,,BOTTLE,21,,,4.0,
738,puro centanni marche rosso,Vinicentanni,,,BOTTLE,22,,,12.0,
740,vini rossi esteri,,,,BOTTLE,,,,0.0,
741,francia,,,,BOTTLE,,,,0.0,
742,chateau margaux,,,,BOTTLE,,,,0.0,
743,chateau margaux gran cru classé,Chateau Margaux,,,BOTTLE,97,1250.0,,2.0,
744,chateau mouton rothshild,,,,BOTTLE,,,,0.0,
745,chateau mouton rothshild grand cru classé,Chateau Mouton Rothshild,,,BOTTLE,1,1200.0,,2.0,
746,chateau clarke rothshild,,,,BOTTLE,12,,,1.0,
747,chateau,Chateau Mouton Rothshild,,,BOTTLE,12,66.0,,6.0,
748,bordeaux legende,Chateau Mouton Rothshild,,,BOTTLE,19,24.0,,6.0,
749,rouge legende medoc,Chateau Mouton Rothshild,,,BOTTLE,19,36.0,,3.0,
750,dourthe n 1 bordeaux,,,,BOTTLE,14,,,1.0,
751,château carteau,,,,BOTTLE,,,,1.0,
752,château cote daugay,Château Carteau,,,BOTTLE,16,60.0,,7.0,
753,château gigognan,,,,BOTTLE,,,,0.0,
754,chateauneuf du pape clos du roi,Château Gigognan,,,BOTTLE,17,55.0,,5.0,
755,cotes du rhone,Château Gigognan,,,BOTTLE,17,27.0,,0.0,
756,chanson,,,,BOTTLE,,,,0.0,
757,bourgogne pinot noir,Chanson,,,BOTTLE,22,63.0,,17.0,
758,rouge pernande verglesses,Chanson,,,BOTTLE,17,70.0,,6.0,
759,chateau moulin haut-laroque,,,,BOTTLE,,,,0.0,
760,fronsac,Chateau Moulin Haut-Laroque,,,BOTTLE,11,45.0,,0.0,
761,chateau de fussignac,Chateau Moulin Haut-Laroque,,,BOTTLE,11,55.0,,0.0,
762,domaine george joillot,,,,BOTTLE,,,,0.0,
763,bourgogne hout cotes de beaune,Domaine George Joillot,,,BOTTLE,21,55.0,,10.0,
764,pommarde vielles vignes,Domaine George Joillot,,,BOTTLE,21,80.0,,4.0,
765,domaine reverdy ducroux,,,,BOTTLE,,,,0.0,
766,sancerre rouge,Domaine Reverdy Ducroux,,,BOTTLE,17,37.0,,2.0,
767,m.chapuotier,,,,BOTTLE,,,,0.0,
768,les meysonniers crozes- hermitage,M.Chapuotier,,,BOTTLE,19,45.0,,5.0,
769,chateauneuf du pape collection bio,M.Chapuotier,,,BOTTLE,16,80.0,,3.0,
770,facelie chateauneuf du pape,M.Chapuotier,,,BOTTLE,19,65.0,,6.0,
771,clos de l’oratoire des papes,,,,BOTTLE,,,,0.0,
772,chateauneuf-du-pape,Clos de l’Oratoire des Papes,,,BOTTLE,21,80.0,,13.0,
773,e. guigal,,,,BOTTLE,,,,0.0,
774,chateauneuf-du-pape,E. Guigal,,,BOTTLE,17,94.0,,4.0,
775,chateau rauzan-segla,,,,BOTTLE,,,,0.0,
776,margaux,Chateau Rauzan-Segla,,,BOTTLE,16,90.0,,6.0,
777,domaine de l'arjolle,,,,BOTTLE,,,,0.0,
778,pinot noir paradoxe,Domaine de l'Arjolle,,,BOTTLE,20,48.0,,5.0,
779,rumor cotes de provence,,,,BOTTLE,,,,0.0,
780,rosé bio,Rumor Cotes de Provence,,,BOTTLE,22,66.0,,5.0,
781,u.s.a.,,,,BOTTLE,,,,0.0,
782,caymus,,,,BOTTLE,,,,0.0,
783,zinfandel,Caymus,,,BOTTLE,11,68.0,,0.0,
784,cabernet sauvignon special selection,Caymus,,,BOTTLE,09,480.0,,3.0,
785,cabernet sauvignon special selection,Caymus,,,BOTTLE,95,520.0,,1.0,
786,cabernet sauvignon napa valley,Caymus,,,BOTTLE,95,190.0,,2.0,
787,cabernet sauvignon napa valley,Caymus,,,BOTTLE,96,190.0,,0.0,
788,cabernet sauvignon napa valley,Caymus,,,BOTTLE,11,150.0,,0.0,
789,cile,,,,BOTTLE,,,,0.0,
790,primus alto de casablanca,Veramonte,,,BOTTLE,97,,,0.0,
791,sud africa,,,,BOTTLE,,,,0.0,
792,neil ellis,,,,BOTTLE,,,,0.0,
793,cabernet sauvignon,Neil Ellis,,,BOTTLE,12,39.0,,0.0,
794,laibach,,,,BOTTLE,,,,0.0,
795,pinotage,Leibach,,,BOTTLE,15,45.0,,4.0,
796,svizzera,,,,BOTTLE,,,,0.0,
797,cantina il cavaliere,,,,BOTTLE,,,,0.0,
798,aurelio merlot ticino,Cantina il Cavaliere,,,BOTTLE,17,70.0,,6.0,
799,germania,,,,BOTTLE,,,,0.0,
800,weingut martin wassmer,,,,BOTTLE,,,,0.0,
801,schlatter spatburgunder,Weingut Martin Wassmer,,,BOTTLE,19,70.0,,12.0,
802,austria,,,,BOTTLE,,,,0.0,
803,stift kloster neuburg,,,,BOTTLE,,,,0.0,
804,pinot noir,Stift Klosterneuburg,,,BOTTLE,20,45.0,,4.0,
805,shiraz cabernet australia,Penley Estate,,,BOTTLE,98,,,1.0,
806,argentina,,,,BOTTLE,,,,0.0,
808,vini da dessert,,,,BOTTLE,,,,0.0,
810,riesling auslese,Haart Goldtrpfchen,,,BOTTLE,20,,,4.0,
811,grüne veltliner eiswein,Stift Klosterneuburg,,,BOTTLE,,65.0,,0.0,
812,al calice,,,,BOTTLE,,10.0,,0.0,
813,eiswein,Michlits,,,HALF_BOTTLE,18,75.0,,0.0,
814,al calice,,,,BOTTLE,,10.0,,0.0,
815,trockenbeerenauslese,Michlits,,,BOTTLE,13,65.0,,0.0,
816,al calice,,,,BOTTLE,,10.0,,0.0,
817,sauternes chateau saint michel 375 ml,Chateau Saint Michel,,,HALF_BOTTLE,,60.0,,0.0,
818,al calice,,,,BOTTLE,,10.0,,0.0,
819,sauternes,Chateau d’Yquem ,,,BOTTLE,90,1000.0,,1.0,
820,sussenberg gruner veltriner,Nikolaihof Wachau,,,BOTTLE,99,150.0,,1.0,
821,trockenbeerenauslese,Nikolaihof Wachau,,,BOTTLE,1,140.0,,2.0,
823,al calice,,,,BOTTLE,,8.0,,0.0,
824,"kerner ""praepositus"" passito",Abbazia di Novacella,,,BOTTLE,20,60.0,,9.0,
825,al calice,,,,BOTTLE,,8.0,,0.0,
827,al calice,,,,BOTTLE,,8.0,,0.0,
828,"recioto valpolicella “le salette""",Traversagne,,,BOTTLE,16,48.0,,2.0,
829,recioto della valpolicella,Brigaldara,,,BOTTLE,16,,,1.0,
830,recioto della valpolicella,Secondo Marco ,,,BOTTLE,16,,,1.0,
831,al calice,,,,BOTTLE,,7.0,,0.0,
832,"recioto valpolicella “le salette""",Pergole Vece,,,HALF_LITER,16,65.0,,0.0,
833,al calice,,,,BOTTLE,,8.0,,0.0,
835,birre,,,,BOTTLE,,,,0.0,
836,grand cru,Moretti,,,BOTTLE,,15.0,,0.0,
837,weissen,Aynger,,,BOTTLE,,6.0,,0.0,
838,chiara 4.9,Dolomiti,,,BOTTLE,,6.0,,0.0,
839,bionda,Birra di Parma,,,BOTTLE,,8.0,,0.0,
840,scura,Kozen,,,BOTTLE,,6.0,,0.0,
846,grappa di capo di stato,,,,BOTTLE,,,,1.0,
853,grappa di barbaresco,Gaja,,,BOTTLE,,,,1.0,
854,grappa di costa russi,Gaja,,,BOTTLE,,,,1.0,
855,grappa di barolo,Gaja,,,BOTTLE,,,,1.0,
856,grappa sarpa oro,Poli,,,BOTTLE,,,,1.0,
858,camomilla e con grappa,Negroni,,,BOTTLE,,,,0.0,
859,whiskies,,,,BOTTLE,,,,0.0,
894,hennessy xo extra old,,,,BOTTLE,,,,1.0,
896,a.e. dor xo cognac grande champagne,,,,BOTTLE,,,,1.0,
905,bas armagnac les sables fauves,,,,BOTTLE,,,,1.0,
915,santa teresa metodo solera,,,,BOTTLE,,,,1.0,
924,saké,,,,BOTTLE,,,,0.0,
926,vermouth,,,,BOTTLE,,,,0.0,
927,vermouth tenuta fertuna,,,,BOTTLE,,,,4.0,
928,lynx vermouth bianco,,,,BOTTLE,,,,1.0,
