"winery","name","vintage","internal_notes_1",,"internal_notes_2","info","price"
,,,,,,,
,,,,,,,
"Edouard Duval","BRUT D´EUALIE - MAGNUM - 48 mesi","s.a","1,50 x 3 / S",12.00%,Apr-24,,€ 89.90
"Edouard Duval","BRUT D´EULALIE - DOPPIOMAG. - 48 mesi","s.a","3,00 x 1 / S",12.00%,Sep-24,,€ 210.00
"Edouard Duval","BRUT D´EULALIE - MATHUSALEM - 48 mesi","s.a","6,00 x 1 / S",12.00%,Jul-23,,€ 530.00
"Edouard Duval","NOIR D`EULALIE BRUT NATURE - 72 mesi","s.a.","0,75 x 6 / S",12.00%,Mar-23,,"€ 49,90"
"Edouard Duval","NOIR D`EULALIE EXTRA BRUT - 72 mesi","s.a.","0,75 x 6 / S",12.00%,May-23,,€ 47.90
"Edouard Duval","NOIR D`EULALIE EXTRA BRUT - MG","s.a.","1,50 x 3 / S",12.00%,Mar-22,,€ 109.90
"Edouard Duval","BLANC D`EULALIE EXTRA BRUT- 55 mesi","s.a.","0,75 x 6 / S",12.00%,May-23,,€ 52.90
"Edouard Duval","BLANC D`EULALIE EXTRA BRUT - MG","s.a.","1,50 x 3 / S",12.00%,Sep-23,,€ 116.00
"Edouard Duval","SAIGNÉE D`EULALIE ROSÉ BRUT- 36 mesi","s.a","0,75 x 6 / S",12.00%,Mar-23,,€ 63.50
"Edouard Duval","SAIGNÉE D`EULALIE ROSÉ BRUT - MG","s.a","1,50 x 3 / S",12.00%,Mar-23,,€ 129.00
"Edouard Duval","MILLÉSIMÉ BRUT NATURE MMXV","2015","1,5l x 3 / S",12.50%,Oct-22,,€ 320.00
"Barrat-Masson","LA JANCÉLIE BRUT NATURE ",2022,"0,75 x 6 / S",12.50%,Aug-24,,€ 34.50
"Barrat-Masson","GRAIN D`ARGILE BRUT NATURE","s.a.","0,75 x 6 / S",12.50%,Oct-24,"Limitato",€ 38.50
"Barrat-Masson","FLEUR DE CRAIE BLANC DE BLANCS",2020,"0,75 x 6 / S",12.50%,Oct-24,,€ 37.50
"Barrat-Masson","LES MARGANNES BLANC DE BLANCS",2019,"0,75 x 6 / S",12.50%,Nov-23,,€ 46.50
"Barrat-Masson","NUANCES DE CORNOIE BLANC DE NOIRS ",2018,"0,75 x 6 / S",12.50%,Jun-23,,€ 65.00
"Schinterhof","METODO CLASSICO EXTRA BRUT",2020,"0,75 x 6 / S",12.50%,Aug-24,,€ 21.90
"Schinterhof","METODO CLASSICO BLANC DE BLANC BRUT",2021,"0,75 x 6 / S",12.50%,,,€ 21.90
"Schinterhof","PINOT BIANCO",2022,"0,75 x 6 / S",14.00%,,,€ 12.50
"Schinterhof","BIANCO ",2021,"0,75 x 6 / S",14.00%,,,€ 12.50
"Schinterhof","BIANCO",2021,"1,5 x 3 / S",14.00%,,,€ 37.50
"Schinterhof","PINOT GRIGIO",2023,"0,75 x 6 / S",14.00%,,,€ 15.90
"Schinterhof","PINOT GRIGIO",2021,"1,5 x 3 / S",14.00%,,,€ 39.50
"Schinterhof","SAUVIGNON BLANC",2021,"0,75 x 6 / S",14.50%,,,€ 29.90
"Schinterhof","SAUVIGNON BLANC",2021,"1,5 x 3 / S",14.50%,,,€ 68.00
"Roberto Ferrai","ALBUM PROFIL (Chardonnay, Pinot Bianco)",2023,"0,75 x 6 / S",12.50%,,,€ 11.00
"Roberto Ferrai","ALBUM PROFIL (Chardonnay, Pinot Bianco)",2022,"0,75 x 6 / S",12.50%,,"Limited",€ 10.90
"Roberto Ferrai","RUBRUM PROFIL (Lagrein)",2022,"0,75 x 6 / S",13.00%,,,€ 12.90
"Roberto Ferrai","PINOT BIANCO RF",2023,"0,75 x 6 / S",12.00%,,,€ 13.00
"Roberto Ferrai","CHARDONNAY RF",2021,"0,75 x 6 / S",12.00%,,,€ 15.90
"Roberto Ferrai","CHARDONNAY RF",2020,"0,75 x 6 / S",12.50%,,,€ 21.00
"Roberto Ferrai","GEWÜRZTRAMINER RF macerato",2023,"0,75 x 6 / S",13.50%,,,€ 25.00
"Roberto Ferrai","MERLOT RF",2020,"0,75 x 6 / S",13.00%,,,€ 15.90
"Roberto Ferrai","LAGREIN RF",2021,"0,75 x 6 / S",13.00%,,,€ 15.90
"Roberto Ferrai","PINOT NERO RF",2021,"0,75 x 6 / S",13.00%,,,€ 25.00
"Roberto Ferrai","PULSAR BLANC RTC macerato",2020,"0,75 x 6 / S",11.50%,,,"€ 31,00*"
"Roberto Ferrai","PULSAR SAUVIGNON  macerato",2020,"0,75 x 6 / S",12.50%,,,"€ 28,50*"
"Roberto Ferrai","PULSAR ROUGE PNM ",2018,"0,75 x 6 / S",12.50%,,,"€ 39,90*"
"Marco Mosconi","SOAVE CORTE PARADISO  ",2024,"0,75 x 6 / Stv",12.50%,,,"€ 6,90* "
"Marco Mosconi","GARGANEGA V.V.",2021,"0,75 x 6 / S",13.00%,,,"€ 10,75*"
"Marco Mosconi","VALPOLICELLA MONTECURTO",2023,"0,75 x 6 / Stv",12.50%,,,"€ 8,40*"
"Marco Mosconi","VALPOLICELLA SUPERIORE",2020,"0,75 x 6 / S",14.50%,,,"€ 16,30*"
"Marco Mosconi","VALPOLICELLA SUPERIORE",2014,"0,75 x 6 / S",15.00%,,,"€ 14,50*"
"Marco Mosconi","VALPOLICELLA SUPERIORE - MAGNUM",2017,"1,5 x 1 / S",14.50%,,,"€ 39,00*"
"Marco Mosconi","VALPOLICELLA SUPERIORE ARENA",2023,"0,75 x 6 / S",14.00%,,,"€ 22,40*"
"Marco Mosconi","AMARONE DELLA VALPOLICELLA",2017,"0,75 x 6 / S",16.00%,,,"€ 35,00*"
"Marco Mosconi","AMARONE DELLA VALPOL. - MAGNUM",2017,"1,5 x 1 / S",16.00%,,,"€ 80,00*"
"Marco Mosconi","RIFERMENTATO BIANCO FRIZZANTE",2023,"0,75 x 6 / S",12.00%,,,"€ 9,80*"
"Marco Mosconi","VERIDITAS METODO CLASSICO ",2023,"0,75 x 6 / S",12.00%,Aug-24,,"€ 17,90*"
"Marco Mosconi","818 BIANCO",2022,"0,75 x 6 / S",11.50%,,,"€ 9,40*"
"Marco Mosconi","BUCCE BIANCO macerato",2023,"0,75 x 6 / S",12.50%,,,"€ 11,90*"
"Marco Mosconi","CORVINA ROSSO",2024,"0,75 x 6 / Stv",13.00%,,,"€ 7,40*"
"Marco Mosconi","TRE MONELLI ROSSO",2021,"0,75 x 6 / S",14.00%,,,"€ 9,90*"
"Marco Mosconi","TURAN AMANDORLATO ROSSO",2015,"0,75 x 6 / S",16.50%,"45 g/l",,"€ 45,00*"
"Marco Mosconi","RECIOTO DI SOAVE",2017,"0,375 x 6 / S",13.50%,"120 g/l",,"€ 18,00*"
"Marco Mosconi","RECIOTO DELLA VALPOLICELLA",2017,"0,375 x 6 / S",14.00%,"90 g/l",,"€ 20,00*"
"Marco Mosconi","BIANCO PASSITO",2006,"0,375 x 6 / S",14.00%,"130 g/l",,"€ 32,50*"
"Meroi","NESTRI BIANCO",2022,"0,75 x 6 / S",13.50%,,,"€ 12,50*"
"Meroi","PINOT GRIGIO",2023,"0,75 x 6 / S",13.00%,,,"€ 13,50*"
"Meroi","SAUVIGNON",2023,"0,75 x 6 / S",13.50%,,,"€ 16,90*"
"Meroi","CHARDONNAY",2023,"0,75 x 6 / S",14.00%,,,"€ 20,90*"
"Meroi","CHARDONNAY DOMININ",2022,"0,75 x 6 / S",14.00%,,,"€ 32,90*"
"Meroi","NESTRI ROSSO",2022,"0,75 x 6 / S",13.00%,,,"€ 12,50*"
"Meroi","MERLOT ROSS DI BURI",2020,"0,75 x 6 / S",14.50%,,,"€ 25,90*"
"Meroi","MERLOT VIGNA DOMININ",2021,"0,75 x 6 / S",14.50%,,,"€ 44,90*"
"Meroi","REFOSCO VIGNA DOMININ",2019,"0,75 x 6 / S",14.50%,,,"€ 41,50*"
"Meroi","REFOSCO CALVARI",2020,"0,75 x 6 / S",15.00%,,"Limitato","€ 74,00*"
"I Vitari","ROSSO DI VALTELLINA",2020,"0,75 x 6 / S",12.50%,,,€ 18.00
"I Vitari","VALTELLINA SUPERIORE ",2021,"0,75 x 6 / S",13.00%,,,€ 25.00
"I Vitari","VALTELLINA SUPERIORE - MAGNUM",2021,"1,50 x 1 / S",13.00%,,,€ 58.00
"I Vitari","VALTELLINA SUP. GRUMELLO „SO“",2022,"0,75 x 6 / S",14.50%,,,€ 32.00
"I Vitari","VALTELLINA SUP. GRUMELLO „SO“ ",2021,"1,50 x 1 / S",14.50%,,,€ 65.00
"I Vitari","VALTELLINA SUP. GRUMELLO ",2022,"0,75 x 6 / S",14.50%,,,€ 39.50
,"VIGNA I VITARI",,,,,,
"I Vitari","VALTELLINA SUP. GRUMELLO",2021,"1,50 x 1 / S",14.50%,,"Limitato",€ 88.00
,"VIGNA I VITARI - MAGNUM",,,,,,
"I Vitari","VALTELLINA SUP. GRUMELLO ",2021,"0,75 x 6 / S",14.50%,,,€ 49.50
,"„SO“ RISERVA",,,,,,
"I Vitari","VALTELLINA SUPER. GRUMELLO ",2018,"1,50 x 1 / S",14.50%,,,€ 105.00
,"RISERVA - MAGNUM",,,,,,
"I Vitari","VALTELLINA SUPER. GRUMELLO ",2017,"1,50 x 1 / S",14.50%,,,€ 105.00
,"RISERVA - MAGNUM",,,,,,
"Proprieta Sperino","ROSA DEL ROSA",2024,"0,75 x 6 / S",12.50%,,,"€ 11,80*"
"Proprieta Sperino","UVAGGIO COSTA DELLA SESIA",2020,"0,75 x 6 / S",13.00%,,,"€ 19,90*"
"Proprieta Sperino","BRAMATERRA",2020,"0,75 x 6 / S",13.50%,,,"€ 35,00*"
"Proprieta Sperino","LESSONA",2019,"0,75 x 6 / S",13.50%,,,"€ 45,00*"
"Proprieta Sperino","LESSONA - MAGNUM - cassa di legno singola",2018,"1,50 x 1 / S",14.00%,,,"€ 104,00*"
"Proprieta Sperino","LESSONA RISERVA VIGNA COVÀ",2018,"0,75 x 6 / S",14.00%,,,"€ 90,00*"
"Proprieta Sperino","LESSONA RIS. VIGNA COVÀ - MAGNUM - ",2017,"1,50 x 1 / S",14.50%,,"Limitato","€ 210,00*"
"Proprieta Sperino","L´FRANC",2018,"0,75 x 6 / S",14.00%,,,"€ 75,00*"
"Albino Rocca","LANGHE CHARDONNAY DA BERTÜ",2023,"0,75 x 6 / S",13.00%,,,€ 8.90
"Albino Rocca","CORTESE LA ROCCA",2023,"0,75 x 6 / S",13.00%,,,€ 14.90
"Albino Rocca","DOLCETTO D`ALBA",2023,"0,75 x 6 / S",13.50%,,,€ 8.90
"Albino Rocca","BARBERA D`ALBA",2023,"0,75 x 6 / S",13.50%,,,€ 8.90
"Albino Rocca","BARBERA D`ALBA GEPIN",2022,"0,75 x 6 / S",14.50%,,,€ 15.90
"Albino Rocca","LANGHE NEBBIOLO ROSSO DI ROCCA",2024,"0,75 x 6 / S",14.00%,,,€ 10.90
"Albino Rocca","NEBBIOLO D`ALBA",2023,"0,75 x 6 / S",14.00%,,,€ 12.50
"Albino Rocca","BARBARESCO",2022,"0,75 x 6 / S",14.50%,,,€ 23.50
"Albino Rocca","BARBARESCO MONTERSINO",2021,"0,75 x 6 / S",14.50%,,,€ 35.00
"Albino Rocca","BARBARESCO MONTERSINO",2020,"0,75 x 6 / S",14.50%,,,€ 35.00
"Albino Rocca","BARBARESCO COTTÀ",2022,"0,75 x 6 / S",14.50%,,,€ 35.00
"Albino Rocca","BARBARESCO OVELLO",2021,"0,75 x 6 / S",14.50%,,,€ 38.50
"Albino Rocca","BARBARESCO RONCHI",2021,"0,75 x 6 / S",14.50%,,,€ 38.50
"Albino Rocca","BARBARESCO RONCHI",2021,"1,5 x 6 / S",14.50%,,,€ 83.00
"Albino Rocca","BARBARESCO RONCHI",2020,"0,75 x 6 / S",14.50%,,,€ 38.50
"Albino Rocca","BARBARESCO ANGELO",2019,"0,75 x 6 / S",14.50%,,,€ 58.50
"Albino Rocca","BARBARESCO RONCHI RISERVA",2019,"0,75 x 6 / S",14.50%,,,"€100,00*"
"Albino Rocca","MOSCATO D´ASTI",2024,"0,75 x 6 / S",5.00%,,,€ 8.50
"Albino Rocca","GRAPPA DI BARBARESCO","s.a.","0,75 x 6 / S",43.00%,,,€ 25.50
"Reva","ALTA LANGA SOLONOIR BRUT - 30 mesi",2021,"0,75 x 6 / S",12.50%,Sep-24,,€ 15.50
"Reva","LANGHE BIANCO GREY (Sauvignon Gris)",2022,"0,75 x 6 / S",13.50%,,,€ 12.90
"Reva","LANGHE BIANCO GREY - MAGNUM",2020,"1,5 x 1 / S",13.00%,,,€ 23.00
"Reva","DOLCETTO D`ALBA",2023,"0,75 x 6 / S",12.50%,,,€ 6.80
"Reva","BARBERA D‘ ALBA CEPPI ALTI",2022,"0,75 x 6 / S",14.00%,,"Limitato",€ 10.80
"Reva","BARBERA D`ALBA SUPERIORE",2021,"0,75 x 6 / S",15.00%,,,€ 11.90
"Reva","BARBERA D`ALBA SUPERIORE - MAG.",2021,"1,5 x 1 / S",15.00%,,,€ 23.80
"Reva","LANGHE NEBBIOLO ",2023,"0,75 x 6 / S",14.00%,,,€ 10.80
"Reva","LANGHE NEBBIOLO - MAGNUM",2022,"1,5 x 6 / S",14.00%,,,€ 21.60
"Reva","NEBBIOLO D`ALBA - MAGNUM",2021,"1,5 x 1 / S",14.00%,,,€ 21.60
"Reva","NEBBIOLO D`ALBA AMPHORA",2023,"0,75 x 6 / S",14.50%,,,"€ 13,90"
"Reva","NEBBIOLO D`ALBA AMPHORA - MAG.",2022,"1,5 x 1 / S",14.50%,,,"€ 30,90"
"Reva","BAROLO",2021,"0,75 x 6 / S",14.50%,,,€ 24.00
"Reva","BAROLO - MAGNUM",2020,"1,5 x 1 / S",14.50%,,,€ 48.00
"Reva","BAROLO DEL COMUNE DI SERRALUNGA",2021,"0,75 x 6 / S",14.50%,,,€ 24.00
"Reva","BAROLO RAVERA",2019,"0,75 x 3 / S",14.00%,,,€ 55.00
"Reva","BAROLO RAVERA - MAGNUM",2019,"1,5 x 1 / S",14.00%,,,€ 110.00
"Reva","BAROLO CANNUBI",2021,"0,75 x 3 / S",14.50%,,,"€ 100,00*"
"Reva","BAROLO CANNUBI",2020,"0,75 x 3 / S",14.50%,,,"€ 100,00*"
"Reva","BAROLO CANNUBI - MAGNUM",2020,"1,5 x 1 / S",13.00%,,,"€ 205,00*"
"Reva","BAROLO CHINATO",2017,"0,50 x 1 / S",17.00%,,,€ 15.00
"Reva","BAROLO RAVERA - MAGNUM",2017,"1,5 x 1 / S",14.50%,,"Limitato","€ 115,00*"
"Reva","BAROLO CANNUBI - MAGNUM",2018,"1,5 x 1 / S",13.00%,,,"€ 185,00*"
"Reva","BAROLO CANNUBI - MAGNUM",2017,"1,5 x 1 / S",13.00%,,"Limitato","€ 170,00*"
"Reva","BAROLO LAZZARITO RISERVA",2017,"0,75 x 3 / S",14.50%,,"Limitato","€ 200,00*"
"Poggio al Sole","SANGIOVESE BIANCO",2021,"0,75 x 6 / S",13.50%,,,€ 8.10
"Poggio al Sole","PRIMAVERA ROSATO",2023,"0,75 x 6 / S",13.00%,,,€ 7.70
"Poggio al Sole","CHIANTI CLASSICO",2022,"0,75 x 6 / S",14.00%,,,€ 12.90
"Poggio al Sole","CHIANTI CLASSICO - MAGNUM",2021,"1,5 x 1 / S",14.00%,,,€ 31.00
"Poggio al Sole","CHIANTI CLASSICO - JEROBOAM",2021,"6 x 1 / S",14.00%,,,€ 150.00
"Poggio al Sole","CASASILIA CHIANTI CLASSICO",2021,"0,75 x 6 / S",14.50%,,,€ 33.50
,"GRAN SELEZIONE",,,,,,
"Poggio al Sole","CASASILIA CHIANTI CLASSICO",2019,"1,5 x 1 / S",14.50%,,,€ 51.90
,"GRAN SELEZIONE - MAGNUM",,,,,,
"Poggio al Sole","CASASILIA CHIANTI CLASSICO",2017,"1,5 x 1 / S",14.50%,,"Limitato","€ 49,50*"
,"GRAN SELEZIONE - MAGNUM",,,,,,
"Poggio al Sole","TRITTICO (Sangiovese, Cabernet S., Merlot)",2023,"0,75 x 6 / S",14.50%,,,€ 9.50
"Poggio al Sole","PONENTE (Sangiovese, Cabernet S., Merlot)",2021,"0,75 x 6 / S",14.50%,,,€ 29.50
"Poggio al Sole","SYRAH",2022,"0,75 x 6 / S",14.50%,,,€ 28.50
"Buscemi","IL BIANCO",2023,"0,75 x 6 / S",13.00%,,,€ 22.50
"Buscemi","TARTARACI ROSSO",2020,"0,75 x 6 / S",14.00%,,,€ 22.50
"Buscemi","TARTARACI ROSSO",2017,"0,75 x 6 / S",14.50%,,,"€ 22,50*"
"Knoll","GV FEDERSPIEL",2023,"0,75 x 6 / S",12.50%,,,€ 18.50
"Knoll","GV RIED TRUM FEDERSPIEL",2023,"0,75 x 6 / S",12.50%,,,€ 26.50
"Knoll","GV RIED KREUTLES FEDERSPIEL",2023,"0,75 x 6 / S",12.50%,,,€ 22.90
"Knoll","GV RIED KREUTLES SMARAGD",2023,"0,75 x 6 / S",13.50%,,,€ 32.50
"Knoll","GV RIED SCHÜTT SMARAGD",2023,"0,75 x 6 / S",13.50%,,,€ 42.90
"Knoll","GV RIED LOIBENBERG  SMARAGD",2023,"0,75 x 6 / S",14.00%,,,€ 42.90
"Knoll","GV RIED LOIBENBERG SM. - MAGNUM",2023,"1,5 x 1 / S",13.50%,,,€ 92.00
"Knoll","RR SMARAGD",2023,"0,75 x 6 / S",13.00%,,,€ 33.50
"Knoll","RR RIED LOIBENBERG SMARAGD",2023,"0,75 x 6 / S",13.50%,,,€ 47.50
"Knoll","RR RIED LOIBENBERG SM. - MAGNUM",2023,"1,5 x 1 / S",13.50%,,,€ 100.00
"Knoll","RR RIED KELLERBERG SMARAGD",2023,"0,75 x 6 / S",13.50%,,,€ 47.50
"Knoll","RR RIED KELLERBERG SM. - MAGNUM",2023,"1,5 x 1 / S",13.50%,,,€ 100.00
"Knoll","RR RIED SCHÜTT SMARAGD",2023,"0,75 x 6 / S",13.50%,,,€ 58.50
"Rudi Pichler","GV FEDERSPIEL",2023,"0,75 x 6 / S",12.50%,,,€ 17.50
"Rudi Pichler","GV TERRASSEN SMARAGD",2023,"0,75 x 6 / S",13.50%,,,€ 23.90
"Rudi Pichler","GV KOLLMÜTZ SMARAGD",2023,"0,75 x 6 / S",13.00%,,,€ 36.50
"Rudi Pichler","GV HOCHRAIN SMARAGD",2023,"0,75 x 6 / S",13.00%,,"limitato",€ 36.50
"Rudi Pichler","GV ACHLEITHEN SMARAGD",2023,"0,75 x 6 / S",13.00%,,,€ 62.00
"Rudi Pichler","RR TERRASSEN SMARAGD",2023,"0,75 x 6 / S",13.50%,,,€ 23.90
"Rudi Pichler","RR ACHLEITHEN SMARAGD",2023,"0,75 x 6 / S",13.00%,,,€ 62.00
"Rudi Pichler","GV KOLLMÜTZ SMARAGD",2022,"0,75 x 6 / S",13.00%,,,"€ 35,50*"
"Rudi Pichler","GV KOLLMÜTZ SMARAGD",2020,"0,75 x 6 / S",13.00%,,,"€ 37,50*"
"Rudi Pichler","GV HOCHRAIN SMARAGD",2022,"0,75 x 6 / S",13.50%,,,"€ 35,50*"
"Rudi Pichler","GV ACHLEITHEN SMARAGD",2022,"0,75 x 6 / S",13.00%,,,"€ 52,50*"
"Rudi Pichler","GV ACHLEITHEN SMARAGD",2021,"0,75 x 6 / S",13.00%,,,"€ 52,50*"
"Rudi Pichler","GV ACHLEITHEN SMARAGD",2020,"0,75 x 6 / S",13.00%,,,"€ 54,50*"
"Rudi Pichler","RR TERRASSEN SMARAGD",2022,"0,75 x 6 / S",13.50%,,,"€ 23,50* "
"Rudi Pichler","RR HOCHRAIN SMARAGD",2022,"0,75 x 6 / S",13.00%,,,"€ 35,50*"
"Rudi Pichler","RR HOCHRAIN SMARAGD",2021,"0,75 x 6 / S",13.00%,,"Limitato","€ 35,50*"
"Rudi Pichler","RR ACHLEITHEN SMARAGD",2022,"0,75 x 6 / S",13.00%,,,"€ 52,50*"
"Rudi Pichler","RR ACHLEITHEN SMARAGD",2021,"0,75 x 6 / S",13.00%,,,"€ 52,50*"
"Rudi Pichler","RR ACHLEITHEN SMARAGD",2020,"0,75 x 6 / S",13.00%,,,"€ 54,50*"
"Prager","GV RIED HINTER DER BURG ",2023,"0,75 x 6 / Stv",13.00%,,,€ 26.50
"Prager","RR RIED STEINRIEGL ",2023,"0,75 x 6 / Stv",13.00%," ",,€ 26.50
"Prager","GV WACHSTUM BODENSTEIN SMARAGD",2023,"0,75 x 6 / S",13.50%,,,€ 52.00
"Prager","GV RIED ACHLEITEN STOCKKULTUR SMARAGD",2023,"0,75 x 6 / S",13.50%,,,€ 52.00
"Prager","GV RIED ZWERITHALER KAMMERGUT SMARAGD",2023,"0,75 x 6 / S",13.50%,,"Limitato",€ 75.00
"Prager","RR WACHSTUM BODENSTEIN SMARAGD",2023,"0,75 x 6 / S",13.00%,,,€ 52.00
"Prager","RR RIED KLAUS SMARAGD",2023,"0,75 x 6 / S",13.00%,,,€ 52.00
"Prager","GV WACHSTUM BODENSTEIN SM.",2022,"0,75 x 6 / S",13.50%,,,"€ 49,00* "
"Prager","GV WACHSTUM BODENSTEIN SM.",2019,"0,75 x 6 / S",14.00%,,"Limitato","€ 53,50*"
"Prager","GV WACHSTUM BODENSTEIN SM.",2017,"0,75 x 6 / S",14.00%,,,"€ 56,50*"
"Prager","GV RIED A. STOCKKULTUR SM.",2022,"0,75 x 6 / S",13.50%,,,"€ 49,00* "
"Prager","GV RIED A. STOCKKULTUR SM.",2018,"0,75 x 6 / S",14.00%,,,"€ 55,00*"
"Prager","GV RIED ZW. KAMMERGUT SM.",2022,"0,75 x 6 / S",13.50%,,,"€ 73,00* "
"Prager","RR RIED ACHLEITEN SMARAGD",2021,"0,75 x 6 / S",13.50%,,,"€ 42,90*"
"Prager","RR RIED ACHLEITEN SMARAGD",2019,"0,75 x 6 / S",13.50%,,,"€ 46,50*"
"Prager","RR RIED ACHLEITEN SMARAGD",2017,"0,75 x 6 / S",14.00%,,,"€ 49,00*"
"Prager","RR WACHSTUM BODENSTEIN SM.",2022,"0,75 x 6 / S",13.00%,,,"€ 49,00*"
"Prager","RR WACHSTUM BODENSTEIN SM.",2021,"0,75 x 6 / S",13.50%,,,"€ 49,00*"
"Prager","RR WACHSTUM BODENSTEIN SM.",2018,"0,75 x 6 / S",13.50%,,,"€ 55,00*"
"Prager","RR WACHSTUM BODENSTEIN SM.",2017,"0,75 x 6 / S",14.00%,,"Limitato","€ 56,50*"
"Prager","RR RIED KLAUS SMARAGD",2022,"0,75 x 6 / S",13.00%,,,"€ 49,00*"
"Prager","RR RIED KLAUS SMARAGD",2021,"0,75 x 6 / S",13.50%,,,"€ 49,00*"
"Prager","RR RIED KLAUS SMARAGD",2019,"0,75 x 6 / S",13.50%,,,"€ 53,50*"
"Prager","RR RIED KLAUS SMARAGD",2018,"0,75 x 6 / S",13.50%,,,"€ 55,00*"
"Prager","RR RIED KLAUS SMARAGD",2017,"0,75 x 6 / S",14.00%,,,"€ 56,50*"
"Prager","RR RIED KLAUS SMARAGD - MAGNUM",2019,"1,5 x 1 / S",13.50%,,,"€ 115,00*"
"Prager","RR RIED KLAUS SMARAGD - MAGNUM",2018,"1,5 x 1 / S",13.50%,,,"€ 118,00*"
"Prager","RR RIED KLAUS SMARAGD - MAGNUM",2017,"1,5 x 1 / S",14.00%,,,"€ 120,00*"
"Hirtzberger","GV ROTES TOR FEDERSPIEL",2024,"0,75 x 6 / S",,,,€ 28.50
"Hirtzberger","GV ROTES TOR FEDERSPIEL",2023,"0,75 x 6 / S",12.50%,,,€ 28.50
"Hirtzberger","GV ROTES TOR FEDERSPIEL",2022,"0,75 x 6 / S",12.50%,,,€ 28.50
"Hirtzberger","RR STEINTERRASSEN FEDERSPIEL",2024,"0,75 x 6 / S",,,,€ 28.50
"Hirtzberger","RR STEINTERRASSEN FEDERSPIEL",2023,"0,75 x 6 / S",12.50%,,,€ 28.50
"Hirtzberger","GV ROTES TOR SMARAGD",2024,"0,75 x 6 / S",,,,€ 49.50
"Hirtzberger","GV ROTES TOR SMARAGD",2023,"0,75 x 6 / S",13.50%,,,€ 49.50
"Hirtzberger","GV RIED AXPOINT SMARAGD",2024,"0,75 x 6 / S",,,,€ 49.50
"Hirtzberger","GV RIED AXPOINT SMARAGD",2023,"0,75 x 6 / S",13.50%,,,€ 49.50
"Hirtzberger","GV HONIVOGEL SMARAGD",2024,"0,75 x 6 / S",,,,€ 100.00
"Hirtzberger","GV HONIVOGEL SMARAGD",2024,"1,5 x 1 / S",,,,€ 210.00
"Hirtzberger","RR RIED HOCHRAIN SMARAGD",2024,"0,75 x 6 / S",,,,€ 59.00
"Hirtzberger","RR RIED STEINPORZ SMARAGD",2024,"0,75 x 6 / S",,,,€ 59.00
"Hirtzberger","RR RIED STEINPORZ SMARAGD",2023,"0,75 x 6 / S",13.00%,,,€ 59.00
"Hirtzberger","RR RIED SINGERRIEDEL SMARAGD",2024,"0,75 x 6 / S",,,,€ 100.00
"Hirtzberger","RR RIED SINGERRIEDEL SMARAGD",2024,"1,5 x 1 / S",,,,€ 210.00
"Hirtzberger","RR RIED SINGERRIEDEL SMARAGD",2023,"1,5 x 1 / S",13.50%,,"Limitato",€ 210.00
"Piewald","GV „π“ FEDERSPIEL",2023,"0,75 x 6 / S",12.50%,,,€ 10.90
"Piewald","RR RIED ZORNBERG FEDERSPIEL",2022,"0,75 x 6 / S",12.50%,,,€ 12.90
"Piewald","GV SPITZER GRABEN SMARAGD",2023,"0,75 x 6 / S",13.50%,,,€ 18.50
"Piewald","RR RIED BIERN SMARAGD",2022,"0,75 x 6 / S",13.50%,,,€ 20.90
"Piewald","RR RIED BIERN SMARAGD - MAGNUM",2021,"1,5 x 3 / S",13.50%,,,€ 48.50
"Piewald","RR RIED BIERN SMARAGD",2019,"0,75 x 6 / S",13.50%,,,"€ 20,90*"
"Ott","GV AM BERG",2024,"0,75 x 12/Stv",12.00%,,,€ 12.90
"Ott","GV AM BERG - DOPPIOMAGNUM",2023,"3,0 x 1 / S",12.00%,,,€ 79.00
"Ott","GV FASS 4",2023,"0,75 x 12/Stv",12.50%,,,€ 17.90
"Ott","GV FASS 4 - MAGNUM",2024,"1,5 x 3 / S",12.50%,,,€ 40.50
"Ott","GV FASS 4 - DOPPIOMAGNUM",2022,"3,0 x 1 / S",12.50%,,,€ 87.50
"Ott","GV FASS 4 - JEROBOAM",2021,"6,0 x 1 / S",12.50%,,,€ 199.00
"Ott","ROSALIE ROSÉ (vino rosato)",2023,"0,75 x 6 /Stv",12.00%,,"Limitato",€ 14.90
"Ott","GV DER OTT",2023,"0,75 x 6 / Stv",13.50%,,,€ 24.90
"Ott","GV DER OTT",2023,"0,75 x 6 / Stv",13.50%,,,"€ 27,90"
"Ott","GV RIED STEIN 1ÖTW",2021,"0,75 x 6 / Stv",13.00%,,,€ 36.50
"Ott","GV RIED SPIEGEL 1ÖTW",2021,"0,75 x 6 / Stv",13.00%,,,€ 36.50
"Ott","GV RIED ROSENBERG 1ÖTW",2022,"0,75 x 6 / Stv",13.00%,,,€ 45.90
"Ott","GV RIED ROSENBERG 1ÖTW - MAGNUM",2021,"1,5 x 3 / S",13.00%,,,€ 92.00
"Ott","GV QVEVRE macerato",2015,"0,75 x 3 / Stv",13.00%,,,€ 42.00
"Ott","GV RIED STEIN 1ÖTW",2020,"0,75 x 6 / Stv",13.00%,,,"€ 36,50*"
"Ott","GV RIED STEIN 1ÖTW",2018,"0,75 x 6 / Stv",13.00%,,,"€ 39,50*"
"Ott","GV RIED SPIEGEL 1ÖTW",2020,"0,75 x 6 / Stv",13.00%,,,"€ 36,50*"
"Ott","GV RIED SPIEGEL 1ÖTW",2019,"0,75 x 6 / Stv",13.00%,,,"€ 38,50*"
"Ott","GV RIED ROSENBERG 1ÖTW",2020,"0,75 x 6 / Stv",13.00%,,,"€ 43,90*"
"Ott","GV RIED ROSENBERG 1ÖTW",2018,"0,75 x 6 / Stv",13.00%,,,"€ 45,00*"
"Ott","GV RIED ROSENBERG 1ÖTW",2020,"1,5 x 3 / S",13.00%,,,"€ 92,00*"
"Ott","GV RIED ROSENBERG 1ÖTW",2019,"1,5 x 3 / S",13.00%,,,"€ 94,00*"
"Ott","GV RIED ROSENBERG 1ÖTW",2018,"1,5 x 3 / S",13.00%,,,"€ 96,00*"
"Diwald","GV EXTRA BRUT - 24 mesi","s.a.","0,75 x 6 / S",12.50%,Feb-24,,€ 15.50
"Diwald","GV VOM LÖSS",2023,"0,75 x 6 / S",12.50%,,,€ 9.50
"Diwald","RR FUCHSENTANZ",2022,"0,75 x 6 / S",12.50%,,,€ 11.90
"Diwald","GV RIED GOLDBERG 1ÖTW",2020,"0,75 x 6 / S",13.00%,,,€ 18.50
"Diwald","RR RIED EISENHUT 1ÖTW",2020,"0,75 x 6 / S",13.00%,,,€ 19.90
"Schloss Gobelsburg","BRUT RESERVE - 36 mesi","s.a.","0,75 x 6 / S",12.00%,Nov-23,,€ 21.50
"Schloss Gobelsburg","BRUT RESERVE - MAGNUM","s.a.","1,50 x 1 / S",12.00%,Mar-22,,€ 44.50
"Schloss Gobelsburg","BLANC DE BLANCS BRUT - 36 mesi","s.a.","0,75 x 6 / S",12.00%,Feb-22,,€ 26.50
"Schloss Gobelsburg","BLANC DE BLANCS BRUT - MAGNUM","s.a.","1,50 x 1 / S",12.00%,Feb-22,,€ 54.50
"Schloss Gobelsburg","GV LÖSS",2023,"0,75 x 6 / Stv",12.00%,,,€ 9.50
"Schloss Gobelsburg","GV KAMPTAL",2023,"0,75 x 6 / Stv",12.50%,,,€ 12.50
"Schloss Gobelsburg","RR URGESTEIN",2024,"0,75 x 6 / Stv",12.00%,,,€ 12.90
"Schloss Gobelsburg","GV LANGENLOIS",2023,"0,75 x 6 / S",12.50%,,,€ 16.50
"Schloss Gobelsburg","GV LANGENLOIS",2022,"0,75 x 6 / S",12.50%,,"Limitato",€ 15.90
"Schloss Gobelsburg","RR ZÖBING",2023,"0,75 x 6 / S",12.50%,,,€ 16.90
"Schloss Gobelsburg","RR ZÖBING",2021,"0,75 x 6 / S",12.50%,,"Limitato",€ 14.90
"Schloss Gobelsburg","GV RIED LAMM 1ÖTW",2022,"0,75 x 6 / S",13.50%,,,€ 49.90
"Schloss Gobelsburg","RR RIED HEILIGENSTEIN 1ÖTW",2022,"0,75 x 6 / S",13.50%,,,€ 49.90
"Schloss Gobelsburg","RR RIED HEILIGENSTEIN 1ÖTW",2020,"0,75 x 6 / S",13.50%,,,"€ 49,90*"
"Schloss Gobelsburg","TRADITION HERITAGE EDIZ. 852","3Y","0,75 x 6 / S",13.00%,,"Limitato",€ 36.50
"Schloss Gobelsburg","TRADITION HERITAGE EDIZ. 852","10Y","0,75 x 6 / S",13.00%,,"Limitato",€ 100.00
"Schloss Gobelsburg","GV AUSLESE",2017,"0,375 x 6 / S",7.50%,"150 g/l",,€ 17.90
"Schloss Gobelsburg","GV EISWEIN",2022,"0,375 x 6 / S",7.50%,"240 g/l",,€ 45.50
"Am Stein","PURE & NAKED BRUT NATURE",2024,"0,75 x 6 / S",11.50%,,,€ 18.50
"Am Stein","SILVANER BRUT",2019,"0,75 x 6 / S",12.00%,,,€ 19.50
"Am Stein","CUVÉE HELLE FREUDE",2023,"0,75 x 6 / St",11.50%,"trocken",,€ 10.90
"Am Stein","SILVANER TROCKEN",2023,"0,75 x 6 / St",11.50%,"trocken",,€ 11.90
"Am Stein","SILVANER TROCKEN",2022,"0,75 x 6 / St",11.50%,"trocken",,€ 11.90
"Am Stein","SILVANER WÜRZBURG",2023,"0,75 x 6 / St",12.50%,"trocken",,€ 13.90
"Am Stein","SILVANER WÜRZBURG",2022,"0,75 x 6 / St",12.50%,"trocken",,€ 13.90
"Am Stein","RR STETTEN",2022,"0,75 x 6 / St",12.50%,"trocken",,€ 13.90
"Am Stein","RR STETTEN",2021,"0,75 x 6 / St",12.50%,"trocken",,€ 13.90
"Am Stein","SILVANER WÜRZBURGER STEIN 1G",2021,"0,75 x 6 / St",13.00%,"trocken",,€ 19.50
"Am Stein","SILVANER INNERE LEISTE 1G",2021,"0,75 x 6 / St",13.00%,"trocken",,€ 19.90
"Am Stein","SILVANER STETTENER STEIN GG",2021,"0,75 x 6 / St",12.50%,"trocken",,€ 41.90
"Am Stein","SILVANER STETTENER STEIN GG",2017,"0,75 x 6 / St",12.50%,"trocken",,€ 39.00
"Am Stein","RR STETTENER STEIN GG",2019,"0,75 x 6 / St",12.50%,"trocken",,€ 39.00
"Am Stein","SILVANER VINZ ALTE REBEN",2020,"0,75 x 6 / St",12.00%,"trocken",,€ 23.90
"Am Stein","SILVANER VINZ ALTE REBEN",2017,"0,75 x 6 / St",12.00%,"trocken",,€ 23.90
"Christmann","RR AUS DEN LAGEN",2023,"0,75 x 6 / S",12.50%,"trocken",,€ 19.90
"Christmann","RR KAPPELLENBERG 1G ",2023,"0,75 x 6 / S",12.00%,"trocken",,€ 34.90
"Christmann","RR MEERSPINNE GG",2023,"0,75 x 6 / S",12.50%,"trocken",,€ 65.00
"Christmann","RR IDIG GG",2023,"0,75 x 6 / S",12.50%,"trocken",,€ 70.00
"Christmann","RR IDIG GG - MAGNUM",2023,"1,50 x 1 / S",12.50%,"trocken",,€ 149.00
"Christmann","SPÄTBURGUNDER AUS DEN LAGEN",2021,"0,75 x 6 / S",13.00%,,,€ 26.90
"Christmann","SPÄTBURGUNDER SCHLÖSSL 1G",2022,"0,75 x 6 / S",13.00%,,,€ 41.50
"Christmann","SPÄTBURGUNDER ÖLBERG 1G",2022,"0,75 x 6 / S",13.00%,,,€ 55.00
"Christmann","SPÄTBURGUNDER BIENGARTEN 1G",2020,"0,75 x 6 / S",13.00%,,,€ 53.50
"Christmann","SPÄTBURGUNDER IDIG GG",2021,"0,75 x 6 / S",13.00%,,"Limitato",€ 83.00
"Christmann","SPÄTBURGUND.ER DIG GG - MAGNUM",2021,"1,50 x 1 / S",13.00%,,"Limitato",€ 172.00
"Christmann","RR KAPPELLENBERG 1G ",2022,"0,75 x 6 / S",12.00%,"trocken",,"€ 32,90*"
"Christmann","RR KAPPELLENBERG 1G ",2021,"0,75 x 6 / S",12.00%,"trocken",,"€ 32,90*"
"Christmann","RR REITERPFAD-HOFSTÜCK GG",2019,"0,75 x 6 / S",12.50%,"trocken",,"€ 47,00*"
"Christmann","RR REITERPFAD-HOFSTÜCK GG",2018,"0,75 x 6 / S",12.50%,"trocken",,"€ 49,00*"
"Christmann","RR MEERSPINNE GG",2022,"0,75 x 6 / S",12.50%,"trocken",,"€ 62,00*"
"Christmann","RR MEERSPINNE GG",2021,"0,75 x 6 / S",12.50%,"trocken",,"€ 62,00*"
"Christmann","RR MEERSPINNE GG",2020,"0,75 x 6 / S",12.50%,"trocken",,"€ 64,00*"
"Christmann","RR MEERSPINNE GG",2019,"0,75 x 6 / S",12.50%,"trocken",,"€ 64,00*"
"Christmann","RR MEERSPINNE GG",2018,"0,75 x 6 / S",12.50%,"trocken",,"€ 65,00*"
"Christmann","RR MEERSPINNE GG",2017,"0,75 x 6 / S",12.50%,"trocken",,"€ 67,00*"
"Christmann","RR MEERSPINNE GG",2015,"0,75 x 6 / S",12.50%,"trocken",,"€ 69,00*"
"Christmann","RR IDIG GG",2022,"0,75 x 6 / S",12.50%,"trocken",,"€ 64,00*"
"Christmann","RR IDIG GG",2020,"0,75 x 6 / S",12.50%,"trocken",,"€ 66,00*"
"Christmann","RR IDIG GG",2014,"0,75 x 6 / S",13.00%,"trocken",,"€ 70,00*"
"Christmann","RR IDIG GG",2012,"0,75 x 6 / S",13.00%,"trocken",,"€ 75,00*"
"Christmann","RR IDIG GG - MAGNUM",2022,"1,50 x 1 / S",12.50%,"trocken",,"€ 135,00*"
"Christmann","RR IDIG GG - MAGNUM",2021,"1,50 x 1 / S",12.50%,"trocken",,"€ 135,00*"
"Christmann","RR IDIG GG - MAGNUM",2018,"1,50 x 1 / S",12.50%,"trocken",,"€ 139,00*"
"Christmann","RR IDIG GG - MAGNUM",2017,"1,50 x 1 / S",12.50%,"trocken",,"€ 142,90*"
"Christmann","RR IDIG GG - MAGNUM",2016,"1,50 x 1 / S",12.50%,"trocken",,"€ 145,00*"
"Christmann","RR IDIG GG - MAGNUM",2014,"1,50 x 1 / S",12.50%,"trocken",,"€ 150,00*"
"Christmann","RR IDIG GG - MAGNUM",2013,"1,50 x 1 / S",12.50%,"trocken",,"€ 155,00*"
"Eymann","RR SPUMANTE EXTRA BRUT - 30 mesi","Solera","0,75 x 6 / S",12.00%,Apr-24,,€ 17.90
"Eymann","RR SPUMANTE EXTRA BRUT - 42 mesi MAGNUM","Solera","1,50 x 1 / S",12.00%,Feb-23,,€ 37.90
"Eymann","RR GÖNNHEIMER",2024,"0,75 x 6 / St",12.00%,"trocken",,€ 10.50
"Eymann","RR TOREYE ALTE REBEN",2022,"0,75 x 6 / S",12.50%,"trocken",,€ 15.50
"Eymann","RR TOREYE ALTE REBEN - MAGNUM",2021,"1,50 x 1 / S",12.50%,"trocken",,€ 32.90
"Eymann","RR FUCHSMANTEL",2019,"0,75 x 6 / S",12.00%,"trocken",,€ 28.90
"Eymann","SPÄTBURGUNDER GÖNNHEIMER",2022,"0,75 x 6 / St",13.00%,,,€ 13.50
"Eymann","SPÄTBURGUNDER TOREYE",2022,"0,75 x 6 / S",13.00%,,,€ 16.90
"Eymann","SPÄTBURGUNDER SONNENBERG",2019,"0,75 x 6 / S",13.00%,,,€ 28.50
"Christmann & Kaufmann","CUVÉE NO. 204 BRUT NATURE",2021,"0,75 x 6 / S",11.50%,Nov-24,,€ 37.90
"Christmann & Kaufmann","CUVÉE NO. 103 BRUT NATURE",2020,"0,75 x 6 / S",11.50%,Nov-23,,€ 37.90
"Wittmann","SILVANER TROCKEN",2023,"0,75 x 6 / St",11.00%,"trocken",,€ 11.90
"Wittmann","RR TROCKEN",2024,"0,75 x 6 / S",12.00%,"trocken",,€ 14.90
"Wittmann","RR VOM KALKGESTEIN",2023,"0,75 x 6 / S",12.00%,"trocken",,€ 18.90
"Wittmann","RR WESTHOFENER 1G",2023,"0,75 x 6 / S",13.00%,"trocken",,€ 29.90
"Wittmann","RR AULERDE GG",2023,"0,75 x 6 / S",12.50%,"trocken",,€ 53.50
"Wittmann","RR KIRCHSPIEL GG",2023,"0,75 x 6 / S",12.50%,"trocken",,€ 65.00
"Wittmann","RR BRUNNENHÄUSCHEN GG",2023,"0,75 x 6 / S",12.50%,"trocken",,€ 75.00
"Wittmann","RR MORSTEIN GG",2023,"0,75 x 6 / S",13.00%,"trocken",,€ 75.00
"Wittmann","RR MORSTEIN GG - MAGNUM",2023,"1,50 x 3 / S",13.00%,"trocken",,€ 155.00
"Wittmann","RR WESTHOFENER 1G",2022,"0,75 x 6 / S",13.00%,"trocken",,"€ 30,50*"
"Wittmann","RR AULERDE GG",2022,"0,75 x 6 / S",12.50%,"trocken",,"€ 56,00*"
"Wittmann","RR KIRCHSPIEL GG",2022,"0,75 x 6 / S",12.50%,"trocken",,"€ 67,00* "
"Wittmann","RR BRUNNENHÄUSCHEN GG",2022,"0,75 x 6 / S",12.50%,"trocken",,"€ 77,00*"
"Wittmann","RR BRUNNENHÄUSCHEN GG",2021,"0,75 x 6 / S",13.00%,"trocken","Limitato","€ 79,00*"
"Wittmann","RR WESTHOFENER 1G - MAGNUM",2022,"1,50 x 3 / S",13.00%,"trocken",,"€ 60,00*"
"Wittmann","RR WESTHOFENER 1G - MAGNUM",2021,"1,50 x 3 / S",13.00%,"trocken",,"€ 62,00*"
"Wittmann","RR KIRCHSPIEL GG - MAGNUM",2022,"1,50 x 3 / S",12.50%,"trocken","Limitato",€ 125.00
"Wittmann","RR KIRCHSPIEL GG - MAGNUM",2017,"1,50 x 3 / S",13.00%,"trocken","Limitato","€ 130,00*"
"Wittmann","RR KIRCHSPIEL GG - MAGNUM",2016,"1,50 x 3 / S",13.00%,"trocken","Limitato","€ 135,00*"
"Wittmann","RR MORSTEIN GG - MAGNUM",2022,"1,50 x 3 / S",13.00%,"trocken","Limitato","€ 143,00*"
"Peter Jakob Kühn","RR SPUMANTE BRUT - 36 mesi",2020,"0,75 x 6 / S",12.50%,"/",,€ 22.90
"Peter Jakob Kühn","RR JAKOBUS",2023,"0,75 x 6 / St",11.50%,"trocken",,€ 14.90
"Peter Jakob Kühn","RR JAKOBUS - MAGNUM",2023,"1,50 x 3 / S",12.00%,"trocken",,€ 38.50
"Peter Jakob Kühn","RR QUARZIT",2023,"0,75 x 6 / S",11.50%,"trocken",,€ 19.90
"Peter Jakob Kühn","RR QUARZIT - MAGNUM",2023,"1,50 x 3 / S",12.00%,"trocken",,€ 48.50
"Peter Jakob Kühn","RR HENDELBERG 1G",2022,"0,75 x 6 / S",12.00%,"trocken",,€ 38.50
"Peter Jakob Kühn","RR ST. NIKOLAUS GG",2022,"0,75 x 6 / S",12.00%,"trocken",,€ 60.00
"Peter Jakob Kühn","RR DOOSBERG GG",2022,"0,75 x 6 / S",12.00%,"trocken",,€ 58.00
"Peter Jakob Kühn","RR DOOSBERG GG - MAGNUM",2021,"1,50 x 3 / S",12.00%,"trocken",,€ 125.00
"Peter Jakob Kühn","RR LANDGEFLECHT",2020,"0,75 x 6 / S",12.50%,"trocken",,€ 105.00
"Peter Jakob Kühn","RR LANDGEFLECHT",2018,"0,75 x 6 / S",12.50%,"trocken",,€ 105.00
"Peter Jakob Kühn","RR SCHLEHDORN",2021,"0,75 x 6 / S",12.50%,"trocken","Limitato","€ 118,00*"
"Peter Jakob Kühn","RR LENCHEN AUSLESE",2018,"0,375x 6 / S",7.00%,"125 g/l",,€ 35.90
"Peter Jakob Kühn","RR LENCHEN BEERENAUSLESE",2018,"0,375x 6 / S",7.00%,"235 g/l","Limitato",€ 79.90
"Peter Jakob Kühn","RR LENCHEN TROCKENBEERENAUSLESE",2018,"0,375x 6 / S",7.00%,"310 g/l","Limitato",€ 164.90
"Schäfer-Fröhlich","RR VULKANGESTEIN",2022,"0,75 x 6 / S",12.50%,"trocken",,"€ 22,50*  "
"Schäfer-Fröhlich","RR SCHIEFERGESTEIN",2022,"0,75 x 6 / S",12.50%,"trocken",,"€ 26,50*"
"Schäfer-Fröhlich","RR SCHIEFERGESTEIN",2021,"0,75 x 6 / S",12.50%,"trocken",,"€ 26,50*"
"Schäfer-Fröhlich","RR SCHIEFERGESTEIN",2020,"0,75 x 6 / S",12.50%,"trocken",,"€ 27,50*"
"Schäfer-Fröhlich","RR FELSENBERG GG",2022,"0,75 x 6 / S",13.00%,"trocken",,"€ 60,00* "
"Schäfer-Fröhlich","RR FELSENBERG GG",2021,"0,75 x 6 / S",13.00%,"trocken",,"€ 60,00*"
"Schäfer-Fröhlich","RR FELSENBERG GG",2020,"0,75 x 6 / S",13.00%,"trocken",,"€ 62,00*"
"Schäfer-Fröhlich","RR STROMBERG GG",2022,"0,75 x 6 / S",12.50%,"trocken",,"€ 64,00* "
"Schäfer-Fröhlich","RR STROMBERG GG",2020,"0,75 x 6 / S",12.50%,"trocken",,"€ 65,00*"
"Schäfer-Fröhlich","RR STROMBERG GG",2018,"0,75 x 6 / S",12.50%,"trocken","Limitato","€ 68,00*"
"Schäfer-Fröhlich","RR STROMBERG GG",2017,"0,75 x 6 / S",12.50%,"trocken",,"€ 70,00*"
"Schäfer-Fröhlich","RR HALENBERG GG",2022,"0,75 x 6 / S",13.00%,"trocken","Limitato","€ 64,00* "
"Schäfer-Fröhlich","RR HALENBERG GG",2020,"0,75 x 6 / S",13.00%,"trocken",,"€ 64,00*"
"Schäfer-Fröhlich","RR FELSENECK GG",2022,"0,75 x 6 / S",13.00%,"trocken",,"€ 70,00* "
"Schäfer-Fröhlich","RR FELSENECK GG",2020,"0,75 x 6 / S",13.00%,"trocken",,"€ 72,00*"
"Schäfer-Fröhlich","RR FELSENECK GG",2017,"0,75 x 6 / S",13.00%,"trocken","Limitato","€ 75,00*"
"Schäfer-Fröhlich","RR FINAL",2022,"0,75 x 1 / S",13.00%,"trocken","Limitato","€ 525,00*"
"Schäfer-Fröhlich","RR FINAL",2021,"0,75 x 1 / S",13.00%,"trocken","Limitato","€ 555,00*"
"Clemens Busch","RR TROCKEN",2024,"0,75 x 6 / S",10.50%,"trocken","dal 09/06",€ 11.90
"Clemens Busch","RR (ALTER)NATIV macerato",2022,"0,75 x 6 / S",11.50%,"trocken",,€ 17.90
"Clemens Busch","RR VOM GRAUEN SCHIEFER",2023,"0,75 x 6 / S",11.50%,"trocken",,€ 16.50
"Clemens Busch","RR VOM GRAUEN SCHIEFER - MAGNUM",2023,"1,50 x 3 / S",12.00%,"trocken",,€ 38.00
"Clemens Busch","RR VOM ROTEN SCHIEFER",2023,"0,75 x 6 / S",11.50%,"trocken",,€ 16.50
"Clemens Busch","RR VOM ROTEN SCHIEFER - MAGNUM",2023,"1,50 x 3 / S",12.00%,"trocken",,€ 38.00
"Clemens Busch","RR VOM ROTEN SCHIEFER - D. MAGNUM",2022,"3,0 x 1 / S",12.00%,"trocken",,€ 71.90
"Clemens Busch","RR VOM BLAUEN SCHIEFER",2023,"0,75 x 6 / S",11.50%,"trocken",,€ 21.50
"Clemens Busch","RR NONNENGARTEN 1G",2022,"0,75 x 6 / S",12.00%,"trocken",,€ 21.50
"Clemens Busch","RR NONNENGARTEN 1G - MAGNUM",2022,"1,50 x 3 / S",12.00%,"trocken",,€ 48.50
"Clemens Busch","RR MARIENBURG GG",2023,"0,75 x 6 / S",12.00%,"trocken",,€ 34.50
"Clemens Busch","RR MARIENBURG GG - MAGNUM",2022,"1,50 x 3 / S",11.50%,"trocken",,€ 70.00
"Clemens Busch","RR MARIENBURG FALKENLAY GG",2023,"0,75 x 6 / S",12.50%,"trocken",,€ 37.50
"Clemens Busch","RR MARIENBURG FAHRLAY GG ",2023,"0,75 x 6 / S",12.50%,"trocken",,€ 37.50
"Clemens Busch","RR MARIENBURG FAHRLAY TERRASSEN GG",2022,"0,75 x 6 / S",12.50%,"trocken",,€ 58.50
"Clemens Busch","RR MARIENBURG RAFFES ",2022,"0,75 x 6 / S",12.50%,"trocken",,€ 98.00
"Clemens Busch","RR MARIENBURG FELSTERRASSE",2022,"0,75 x 6 / S",12.50%,"trocken",,€ 98.00
"Clemens Busch","RR MARIENBURG KABINETT",2023,"0,75 x 6 / S",8.50%,"50 g/l",,€ 19.50
"Clemens Busch","RR MARIENBURG SPÄTLESE GK",2022,"0,75 x 6 / S",8.00%,"95 g/l",,€ 28.50
"Clemens Busch","RR MARIENBURG FAHRLAY AUSLESE",2019,"0,375x 6 / S",7.50%,"135 g/l",,€ 24.50
"Clemens Busch","RR MARIENBURG AUSLESE GK",2018,"0,375x 6 / S",7.00%,"180 g/l",,€ 31.90
"Clemens Busch","RR MARIENBURG FALKENLAY GG",2019,"0,75 x 6 / S",12.50%,"trocken",,"€ 39,50*"
"Clemens Busch","RR MARIENBURG FAHRLAY GG",2020,"0,75 x 6 / S",12.50%,"trocken",,"€ 39,00*"
"Clemens Busch","RR MARIENBURG FAHRLAY TERRASSEN GG",2020,"0,75 x 6 / S",12.50%,"trocken",,"€ 50,00*"
"Clemens Busch","RR MARIENBURG FELSTERRASSE",2021,"0,75 x 6 / S",12.50%,"trocken",,"€ 98,00* "
"Clemens Busch","RR MARIENBURG FELSTERRASSE",2020,"0,75 x 6 / S",12.50%,"trocken",,"€ 98,00*"
"Clemens Busch","RR MARIENBURG GG - MAGNUM",2021,"1,50 x 3 / S",11.50%,"trocken",,"€ 72,00*"
"Clemens Busch","RR MARIENBURG FAHRLAY GG  - MAG.",2021,"1,50 x 3 / S",12.50%,"trocken",,"€ 79,50*"
"Clemens Busch","RR M. FALKENLAY GG  - MAGNUM",2021,"1,50 x 3 / S",12.50%,"trocken",,"€ 79,50*"
"Clemens Busch","RR M. FALKENLAY GG  - DOPPIOMAGN.",2021,"3,00 x 1 / S",12.00%,"trocken",,"€ 165,00*"
"Clemens Busch","RR MARIENBURG GG - DOPPIOMAGNUM",2016,"3,00 x 1 / S",12.00%,"trocken",,"€ 145,00*"
"Clemens Busch","RR M. FAHRLAY GG - DOPPIOMAGNUM",2016,"3,00 x 1 / S",12.50%,"trocken",,"€ 185,00*"
"Clemens Busch","RR M. FALKENLAY GG - DOPPIOMAGNUM",2016,"3,00 x 1 / S",12.50%,"trocken",,"€ 185,00*"
"Schloss Lieser","RR TROCKEN",2023,"0,75 x 6 / St",12.50%,"trocken",,€ 11.50
"Schloss Lieser","RR HELDENSTÜCK",2023,"0,75 x 6 / S",12.50%,"trocken",,€ 19.90
"Schloss Lieser","RR WOODEN TERROIR CASE GG**",2023,"0,75 x 6 / S",13.00%,"trocken","Limitato",€ 350.00
"Schloss Lieser","RR WEHLENER SONNENUHR GG",2023,"0,75 x 6 / S",13.00%,"trocken",,€ 42.50
"Schloss Lieser","RR NIEDERBERG HELDEN GG",2023,"0,75 x 6 / S",13.00%,"trocken",,€ 42.50
"Schloss Lieser","RR KABINETT",2023,"0,75 x 6 / St",8.50%,"45 g/l",,€ 14.50
"Schloss Lieser","RR JUFFER KABINETT",2023,"0,75 x 6 / S",8.50%,"45 g/l",,€ 18.50
"Schloss Lieser","RR WEHL. SONNENUHR KABINETT",2021,"0,75 x 6 / S",8.50%,"45 g/l",,€ 16.50
"Schloss Lieser","RR NIEDERBERG HELDEN SPÄTLESE",2021,"0,75 x 6 / S",8.00%,"80 g/l",,€ 19.90
"Schloss Lieser","RR WEHL. SONNENUHR SPÄTLESE",2018,"0,75 x 6 / S",8.00%,"85 g/l",,€ 20.90
"Schloss Lieser","RR N. HELDEN AUSLESE",2023,"0,75 x 6 / S",7.00%,"95 g/l",,€ 33.90
"Schloss Lieser","RR N. HELDEN AUSLESE GK",2023,"0,75x 6 / S",7.00%,"140 g/l",,€ 49.00
"Schloss Lieser","RR N. HELDEN AUSLESE GK",2019,"0,375x 6 / S",7.00%,"140 g/l",,€ 28.90
"Schloss Lieser","RR N. HELDEN AUSLESE LGK",2019,"0,75 x 6 / S",7.00%,"150 g/l",,€ 70.00
"Schloss Lieser","RR N. HELDEN AUSLESE LGK",2018,"0,375x 6 / S",7.00%,"155 g/l",,€ 42.50
"Schloss Lieser","RR N. HELDEN TROCKENBEERENAUSLESE",2018,"0,375x 6 / S",7.00%,"320 g/l","Limitato",€ 180.00
"Schloss Lieser","RR NIEDERBERG HELDEN GG",2021,"0,75 x 6 / S",13.00%,"trocken",,"€ 37,90*"
"Schloss Lieser","RR WEHLENER SONNENUHR GG",2018,"0,75 x 6 / S",13.00%,"trocken",,"€ 39,50*"
"Schloss Lieser","RR NIEDERBERG HELDEN GG",2018,"0,75 x 6 / S",13.00%,"trocken",,"€ 39,50*"
"Schloss Lieser","RR NIEDERBERG HELDEN GG",2017,"0,75 x 6 / S",12.50%,"trocken",,"€ 40,50*"
"Schloss Lieser","RR N. HELDEN AUSLESE GK",2019,"0,375x 6 / S",7.00%,"140 g/l",,"€ 28,90*"
"Schloss Lieser","RR N. HELDEN AUSLESE GK",2018,"0,375x 6 / S",7.00%,"140 g/l",,"€ 30,00*"
"Haart","RIESLING TROCKEN",2023,"0,75 x 6 / S",12.00%,"trocken",,€ 12.50
"Haart","RR PIESPORTER TROCKEN",2022,"0,75 x 6 / S",12.00%,"trocken",,€ 15.90
"Haart","RR GOLDTRÖPFCHEN GG",2022,"0,75 x 6 / S",12.50%,"trocken",,€ 30.90
"Haart","RR HAART TO HEART",2023,"0,75 x 6 / S",11.00%,"15 g/l",,€ 12.50
"Haart","RR GOLDTRÖPFCHEN KABINETT",2022,"0,75 x 6 / S",9.50%,"ca. 40 g/l",,€ 16.50
"Haart","RR GOLDTRÖPFCHEN SPÄTLESE",2023,"0,75 x 6 / S",8.00%,"ca. 80 g/l",,€ 20.90
"Haart","RR GOLDTRÖPFCHEN AUSLESE",2023,"0,75 x 6 / S",8.00%,"ca. 95 g/l",,€ 32.00
"Haart","RR GOLDTRÖPFCHEN SPÄTLESE",2022,"0,75 x 6 / S",8.00%,"ca. 80 g/l",,"€ 21,90*"
"Haart","RR GOLDTRÖPFCHEN SPÄTLESE",2021,"0,75 x 6 / S",8.00%,"ca. 80 g/l","Limitato","€ 21,90*"
"Haart","RR GOLDTRÖPFCHEN SPÄTLESE",2013,"0,75 x 6 / S",8.00%,"ca. 80 g/l",,"€ 36,90*"
"Haart","RR DOMHERR SPÄTLESE",2011,"0,75 x 6 / S",8.00%,"ca. 80 g/l","Limitato","€ 39,50*"
"Haart","RR GOLDTRÖPFCHEN AUSLESE",2019,"0,75 x 6 / S",8.00%,"ca. 95 g/l",,"€ 33,50*"
"Haart","RR GOLDTRÖPFCHEN AUSLESE",2019,"0,375x 6 / S",8.00%,"ca. 95 g/l",,"€ 18,90*"
"Haart","RR GOLDTRÖPFCHEN AUSLESE",2013,"0,375x 6 / S",8.00%,"ca. 95 g/l",,"€ 27,50*"
"Haart","RR OHLIGSBERG AUSLESE GK",2011,"0,375x 6 / S",8.00%,"ca. 95 g/l",,"€ 40,00*"
"Haart","RR OHLIGSBERG AUSLESE GK",2007,"0,375x 6 / S",8.00%,"ca. 95 g/l",,"€ 41,50*"
"Haart","RR GOLDTRÖPFCHEN AUSLESE GK",2011,"0,375x 6 / S",8.00%,"ca. 135 g/l","Limitato","€ 40,00*"
"Haart","RR GOLDTRÖPFCHEN AUSLESE GK",2004,"0,375x 6 / S",8.00%,"ca. 135 g/l",,"€ 45,00*"
"Haart","RR GOLDTRÖPFCHEN AUSLESE GK",1999,"0,75 x 6 / S",8.00%,"ca. 135 g/l",,"€ 140,00*"
"Haart","RR GOLDTRÖPFCHEN AUSLESE LGK",2005,"0,375x 6 / S",8.00%,"ca. 155 g/l","Limitato ","€ 160,00*"
"Ansgar Clüsserath","RR VOM SCHIEFER ",2023,"0,75 x 6 / St",11.00%,"trocken",,€ 12.90
"Ansgar Clüsserath","RR STEINREICH",2023,"0,75 x 6 / S",11.00%,"trocken",,€ 18.50
"Ansgar Clüsserath","RR STEINREICH",2022,"0,75 x 6 / S",11.00%,"trocken","Limitato",€ 18.50
"Ansgar Clüsserath","RR T. APOTHEKE",2023,"0,75 x 6 / S",12.00%,"trocken",,€ 34.50
"Ansgar Clüsserath","RR T. APOTHEKE KABINETT",2023,"0,75 x 6 / S",8.00%,"ca. 45 g/l ",,€ 18.50
"Ansgar Clüsserath","RR T. APOTHEKE KABINETT",2022,"0,75 x 6 / S",8.00%,"ca. 45 g/l ",,€ 17.90
"Ansgar Clüsserath","RR T. APOTHEKE SPÄTLESE",2023,"0,75 x 6 / S",8.00%,"ca. 65 g/l ",,€ 22.50
"Geltz-Zilliken","RR TROCKEN",2022,"0,75 x 6 / St",11.50%,"trocken","Limitato",€ 12.90
"Geltz-Zilliken","RR SAARBURG",2022,"0,75 x 6 / S",11.50%,"trocken",,€ 17.90
"Geltz-Zilliken","RR SAARBURG ALTE REBEN",2022,"0,75 x 6 / S",11.50%,"trocken",,€ 25.90
"Geltz-Zilliken","RR RAUSCH GG",2023,"0,75 x 6 / S",12.00%,"trocken",,€ 45.00
"Geltz-Zilliken","RR RAUSCH GG",2022,"0,75 x 6 / S",12.00%,"trocken",,€ 45.00
"Geltz-Zilliken","RR BUTTERFLY",2023,"0,75 x 6 / St",11.50%,"ca. 15 g/l","                 ",€ 12.90
"Geltz-Zilliken","RR RAUSCH DIABAS",2022,"0,75 x 6 / S",11.00%,"ca. 18 g/l",,€ 45.00
"Geltz-Zilliken","RR RAUSCH KABINETT",2023,"0,75 x 6 / S",8.00%,"ca. 55 g/l",,€ 24.50
"Geltz-Zilliken","RR RAUSCH KABINETT",2022,"0,75 x 6 / S",8.00%,"ca. 55 g/l",,€ 24.50
"Geltz-Zilliken","RR RAUSCH SPÄTLESE",2023,"0,75 x 6 / S",8.00%,"ca. 80 g/l",,€ 36.90
"Geltz-Zilliken","RR RAUSCH AUSLESE",2021,"0,375x 6 / S",8.00%,"ca. 100 g/l",,€ 30.00
"Geltz-Zilliken","RR RAUSCH SPÄTLESE",2020,"0,375x 6 / S",8.00%,"ca. 80 g/l",,€ 16.50
"Geltz-Zilliken","RR RAUSCH SPÄTLESE",2011,"0,75 x 6 / S",7.50%,"ca. 80 g/l","               Esaurito","€ 50,00*"
"Geltz-Zilliken","RR RAUSCH AUSLESE",2019,"0,75 x 6 / S",8.00%,"ca. 100 g/l",,"€ 52,00*"
"Geltz-Zilliken","RR RAUSCH AUSLESE",2018,"0,75 x 6 / S",8.00%,"ca. 100 g/l",,"€ 52,00*"
"Geltz-Zilliken","RR RAUSCH AUSLESE",2018,"0,375x 6 / S",8.00%,"ca. 100 g/l",,"€ 27,50*"
"Geltz-Zilliken","RR RAUSCH AUSLESE",2009,"0,75 x 6 / S",7.50%,"ca. 100 g/l",,"€ 65,00*"
"Geltz-Zilliken","RR RAUSCH AUSLESE GK",2018,"0,375x 6 / S",8.00%,"ca. 140 g/l",,"€ 60,00*"
"Geltz-Zilliken","RR RAUSCH AUSLESE GK",2017,"0,75 x 6 / S",7.50%,"ca. 140 g/l",,"€ 115,00*"
"Geltz-Zilliken","RR RAUSCH AUSLESE GK",2017,"0,375x 6 / S",7.50%,"ca. 140 g/l",,"€ 63,00*"
"Geltz-Zilliken","RR RAUSCH AUSLESE GK",2005,"0,375x 6 / S",7.50%,"ca. 140 g/l",,"€ 95,00*"
"Josmeyer","CHANTE PINOT BRUT NATURE","s.a.","0,75 x 6 / S",11.50%,"0 g/l ",,€ 15.90
"Josmeyer","SYLVANER PEAU ROUGE",2023,"0,75 x 6 / S",12.50%,"1 g/l ",,€ 15.90
"Josmeyer","GEWÜRZTR. CUVÈE FLEUR DE LOTUS ",2023,"0,75 x 6 / S",12.50%,"1 g/l",,€ 14.90
"Josmeyer","GEWÜRZTR. CUVÈE DES FOLASTRIES",2021,"0,75 x 6 / S",13.00%,"1 g/l",,€ 23.50
"Josmeyer","GEWÜRZTR. CUVÈE DES FOLASTRIES",2020,"0,75 x 6 / S",13.00%,"8,5 g/l",,€ 24.50
"Josmeyer","PINOT AUXERROIS „H“ V.V.",2017,"0,75 x 6 / S",12.50%,"2 g/l",,€ 25.90
"Josmeyer","PINOT GRIS UN CERTAIN REGARD",2019,"0,75 x 6 / S",13.50%,"1 g/l",,€ 25.90
"Josmeyer","RIESLING DRAGON",2021,"0,75 x 6 / S",13.00%,"1 g/l",,€ 28.50
"Josmeyer","RIESLING LES PIERRETS",2018,"0,75 x 6 / S",12.00%,"1 g/l",,€ 28.50
"Josmeyer","RR GRAND CRU HENGST",2018,"0,75 x 6 / S",13.50%,"2 g/l",,€ 40.00
"Josmeyer","RR GRAND CRU HENGST",2015,"0,75 x 6 / S",13.50%,"3 g/l",,€ 45.90
"Josmeyer","RR GRAND CRU HENGST SAMAIN",2015,"0,75 x 6 / S",13.50%,"5 g/l","Limitato",€ 52.50
"Josmeyer","RR GRAND CRU HENGST SAMAIN",2014,"0,75 x 6 / S",13.50%,"4 g/l","Limitato",€ 52.50
"Thierry Laffay","PETITE CHABLIS",2023,"0,75 x 12 / S",13.00%,,,€ 19.90
"Thierry Laffay","CHABLIS VIEILLES VIGNES",2023,"0,75 x 12 / S",13.00%,,,€ 27.50
"Thierry Laffay","CHABLIS 1ER CRU VAILLON",2023,"0,75 x 12 / S",12.50%,,,€ 36.50
"Thierry Laffay","CHABLIS 1ER CRU VAILLON",2020,"0,75 x 12 / S",12.50%,,"Limitato",€ 33.50
"Thierry Laffay","CHABLIS 1ER CRU MONT DE MILIEU",2022,"0,75 x 12 / S",13.50%,,,€ 36.50
"Thierry Laffay","CHABLIS 1ER CRU CÔTE DE LÉCHET",2022,"0,75 x 12 / S",13.00%,,,€ 36.50
"Thierry Laffay","CHABLIS GRAND CRU VAUDÈSIR",2022,"0,75 x 12 / S",13.00%,,"Limitato","€ 77,00* "
"Thierry Laffay","CHABLIS GRAND CRU BOUGROS ",2022,"0,75 x 12 / S",13.00%,,"Limitato","€ 77,00* "
"Humbert","BOURGOGNE CHARDONNAY",2022,"0,75 x 12 / S",13.50%,,"Limitato","€ 32,50*"
"Humbert","BOURGOGNE CHARDONNAY",2019,"0,75 x 12 / S",13.50%,,,"€ 34,50*"
"Humbert","BOURGOGNE ROUGE COTE D`OR",2022,"0,75 x 12 / S",13.50%,,,"€ 35,90*"
"Humbert","FIXIN VIEILLES VIGNES",2022,"0,75 x 12 / S",13.50%,,"Limitato","€ 46,50*"
"Humbert","GEVREY-CHAMBERTIN VIEILLES V.",2022,"0,75 x 12 / S",13.00%,,," € 72,50*"
"Humbert","GEVREY-CHAMBERTIN V.V. - MAGNUM",2022,"1,5 x 3 / S",13.00%,,," € 150,00*"
"Humbert","GEVREY-CHAMBERTIN V.V. - DOPPIOM.",2022,"3,0 x 1 / S",13.00%,,,"€ 335,00*"
"Humbert","GEVREY-CHAM. 1ER CRU POISSENOT",2022,"0,75 x 12 / S",13.50%,,,"€ 150,00*"
"Humbert","GEVREY-CHAM. 1ER CRU POISSENOT",2022,"1,5 x 3 / S",13.50%,,,"€ 305,00*"
"Humbert","GEVREY-CHAMBERTIN 1ER CRU PETITE CHAPELLE",2022,"0,75 x 12 / S",13.00%,,"Limitato","€ 150,00*"
"Humbert","GEVREY-CHAMBERTIN 1ER CRU",2022,"0,75 x 12 / S",13.50%,,,"€ 165,00*"
,"ESTOURNELLES-SAINT-JACQUES",,,,,,
"Humbert","CHARMES-CHAMBERTIN GRAND CRU",2022,"0,75 x 12 / S",13.50%,,,"€ 260,00 *"
"Humbert","CHARMES-CHAMBERTIN GRAND CRU",2021,"0,75 x 12 / S",13.50%,,"Limitato","€ 260,00 *"
"Humbert","GEVREY-CHAMBERTIN VIEILLES V.",2021,"0,75 x 12 / S",13.00%,,"Limitato"," € 70,00*"
"Humbert","GEVREY-CHAM. 1ER CRU POISSENOT",2021,"0,75 x 12 / S",13.50%,,,"€ 148,00*"
"Humbert","GEVREY-CHAM. 1ER CRU POISSENOT",2020,"0,75 x 12 / S",13.50%,,,"€ 120,00*"
"Humbert","GEVREY-CHAM. 1ER CRU POISSENOT",2019,"0,75 x 12 / S",13.50%,," ","€ 120,00*"
"Humbert","GEVREY-CHAM. 1ER CRU POISSENOT",2018,"0,75 x 12 / S",13.50%,," ","€ 125,00*"
"Humbert","GEVREY-CHAM. 1ER CRU POISSENOT",2017,"0,75 x 12 / S",13.50%,," ","€ 125,00*"
"Humbert","GEVREY-CHAM. 1ER CRU POISSENOT",2016,"0,75 x 12 / S",13.50%,," ","€ 130,00*"
"Humbert","GEVREY-CHAMBERTIN VIEILLES V.",2021,"3,0 x 1 / S",13.00%,,,"€ 330,00*"
"Humbert","GEVREY-CHAMBERTIN VIEILLES V.",2020,"3,0 x 1 / S",13.00%,,"Limitato","€ 330,00*"
"Humbert","GEVREY-CH. 1ER CRU POISSENOT",2021,"3,0 x 1 / S",13.50%,,,"€ 650,00*"
"Humbert","GEVREY-CH. 1ER CRU POISSENOT",2020,"3,0 x 1 / S",13.50%,,"Limitato","€ 500,00*"
"Humbert","GEVREY-CH. 1ER CRU POISSENOT",2018,"3,0 x 1 / S",13.50%,,"Limitato","€ 550,00*"
"Harmand-Geoffroy","GEVREY-CHAMBERTIN VIEILLES V.",2021,"0,75 x 6 / S",13.50%,,,"€ 75,00*"
"Harmand-Geoffroy","GEVREY-CHAMBAERTIN 1ER CRU -LA BOSSIERE",2021,"0,75 x 6 / S",13.00%,,,"€ 115,00*"
"Harmand-Geoffroy","GEVREY-CHAMBAERTIN 1ER CRU",2017,"0,75 x 6 / S",13.00%,,"Limitato","€ 120,00*"
,"LA BOSSERIE MONOPOLE",,,,,,
"Harmand-Geoffroy","GEVREY-CHAMBERTIN 1ER CRU",2021,"0,75 x 6 / S",13.50%,,"Limitato","€ 125,00*"
,"LAVAUX-SAINT-JACQUES",,,,,,
"Desaunay-Bissey","NUITS-SAINT-GEORGES ",2019,"0,75 x 6 / S"," ",,,"€ 68,00*"
,"LES BELLECROIX VIEILLES VIGNES",,,,,,
"Desaunay-Bissey","GEVERY-CHAMBERTIN",2020,"0,75 x 6 / S",,,,"€ 68,00* "
,"GEVREY-CHAMBERTIN",2016,"0,75 x 6 / S",,,,"€ 68,00*"
"Desaunay-Bissey","CHAMBOLLE-MUSIGNY ",2020,"0,75 x 6 / S",,,,"€ 79,00*"
,"LA COMBE D`ORVEAU VIEILLES VIGNES",,,,,,
"Desaunay-Bissey","VOSNE-ROMANÉE VIEILLES VIGNES",2020,"0,75 x 6 / S",,,,"€ 79,00*"
"Desaunay-Bissey","VOSNE-ROMANÉE 1ER CRU",2021,"0,75 x 6 / S",,,,"€ 115,00*"
,"LES BEAUX MONTS VIEILLES VIGNES",,,,,,
"Desaunay-Bissey","GRANDS-ECHÉZEAUX GRAND CRU VIEILLES V",2020,"0,75 x 6 / S",,,"Limitato","€ 275,00*"
"La Tene","PINOT NOIR LA TÈNE",2022,"0,75 x 12 / S",13.00%,,,"€ 9,90*"
"La Tene","CHARDONNAY LA TÈNE",2023,"0,75 x 12 / S",13.00%,,,"€ 9,90*"
"Billard","COTEAUX BOURGUIGNONS ",2023,"0,75 x 6 / S",12.50%,,,€ 13.50
,"CHARDONNAY",,,,,,
"Billard","HAUTES COTES DE BEAUNE BLANC",2023,"0,75 x 6 / S",12.50%,,,€ 19.50
"Billard","SAINT-ROMAIN LA COMBE BAZIN BLANC",2023,"0,75 x 6 / S",13.00%,,,€ 33.90
"Billard","SAINT-AUBIN 1ER CRU SUR LE SENTIER DU CLOU",2023,"0,75 x 6 / S",13.00%,,,€ 49.90
"Billard","COTEAUX BOURGUIGNONS ROUGE     ",2023,"0,75 x 6 / S",12.50%,,,€ 13.50
"Billard","HAUTES COTES DE BEAUNE ROUGE",2023,"0,75 x 6 / S",13.00%,,,€ 19.50
"Billard","SAINT-ROMAIN ROUGE",2023,"0,75 x 6 / S",13.00%,,,€ 27.50
"Billard","CHASSAGNE-MONTRACHET",2023,"0,75 x 6 / S",13.00%,,,€ 39.50
,"LES MORICHOTS ROUGE",,,,,,
"Billard","POMMARD ",2023,"0,75 x 6 / S",13.00%,,,€ 45.90
"Genot-Boulanger","MEURSAULT CLOS DU CROMIN",2021,"0,75 x 6 / S",,,,€ 79.00
"Genot-Boulanger","PULIGNY-MONTRACHET LES LEVRONS",2021,"0,75 x 6 / S",,,,€ 79.00
"Genot-Boulanger","PULIGNY-MONTRACHET LES NOSROYES",2021,"0,75 x 6 / S",,,,€ 79.00
"Genot-Boulanger","MEURSAULT 1ER CRU LES BOUCHÈRES ",2021,"0,75 x 6 / S",,,,€ 133.00
"Genot-Boulanger","PULIGNY-MONTRACHET ",2021,"0,75 x 6 / S",,,"Limitato",€ 179.00
,"1ER CRU LES FOLATIÈRES",,,,,,
"Genot-Boulanger","CORTON-CHARLEMAGNE GRAND CRU",2021,"0,75 x 6 / S",,,,€ 269.00
"Genot-Boulanger","BOURGOGNE PINOT NOIR",2021,"0,75 x 6 / S",,,,€ 32.00
"Genot-Boulanger","POMMARD VIEILLES VIGNES",2021,"0,75 x 6 / S",,,"Limitato",€ 59.00
"Genot-Boulanger","ALOXE-CORTON 1ER CRU ",2021,"0,75 x 6 / S",,,,€ 83.00
,"CLOS DU CHAPITRE",,,,,,
"Genot-Boulanger","POMMARD 1ER CRU CLOS BLANC",2020,"0,75 x 6 / S",,,,€ 109.00
"Genot-Boulanger","CLOS DE VOUGEOT GRAND CRU",2021,"0,75 x 6 / S",,,"Limitato",€ 269.00
"Jean Baptiste Jessiaume","BOURGOGNE CHARDONNAY",2022,"0,75 x 12 / S",13.00%,,,€ 27.50
"Jean Baptiste Jessiaume","SANTENAY BLANC LA FORGE",2022,"0,75 x 12 / S",13.00%,,,€ 35.50
"Jean Baptiste Jessiaume","CHASSAGNE-MONTRACHET",2022,"0,75 x 12 / S",13.00%,,,€ 65.00
"Jean Baptiste Jessiaume","MEURSAULT 1ER CRU BLAGNY ",2022,"0,75 x 12 / S",13.00%,,"Limitato",€ 115.00
,"LA PIÈCE SOUS LE BOIS",,,,,,
"Jean Baptiste Jessiaume","BOURGOGNE PINOT NOIR",2022,"0,75 x 12 / S",13.00%,,,€ 27.50
"Jean Baptiste Jessiaume","SANTENAY ROUGE LA FORGE",2022,"0,75 x 12 / S",13.00%,,,€ 35.00
"Jean Baptiste Jessiaume","VOLNAY",2022,"0,75 x 12 / S",13.00%,,,€ 49.00
"Jean Baptiste Jessiaume","VOLNAY",2019,"0,75 x 12 / S",13.00%,,,€ 49.00
"Jean Baptiste Jessiaume","SANTENAY ROUGE 1ER CRU",2022,"0,75 x 12 / S",13.00%,,,€ 45.90
,"CLOS ROUSSEAU",,,,,,
"Jean Baptiste Jessiaume","SANTENAY ROUGE 1ER CRU",2020,"0,75 x 12 / S",13.00%,,,€ 54.90
,"LES GRAVIÈRES",,,,,,
"Jean Baptiste Jessiaume","VOLNAY 1ER CRU LES FREMIETS",2020,"0,75 x 12 / S",13.00%,,"Limitato",€ 75.00
"Guillot-Broux","SAINT-VERAN LES ROCHETTES",2022,"0,75 x 6 / S",13.00%,,,€ 22.90
"Guillot-Broux","POUILLY-FUISSÉ LA REPOSTÈRE",2022,"0,75 x 12 / S",13.00%,,,€ 29.90
"Guillot-Broux","POUILLY-FUISSÉ ",2021,"0,75 x 12 / S",13.00%,,"Limitato",€ 65.00
,"LA MARÈCHAUDE 1ER CRU",,,,,,
"Guillot-Broux","POUILLY-FUISSÉ  LA ROCHE 1ER CRU",2022,"0,75 x 12 / S",13.00%,,,€ 64.50
"Guillot-Broux","MACON-CRUZILLE LES GENIÈVRIÈRES",2023,"0,75 x 6 / S",13.00%,,,€ 28.50
"Guillot-Broux","MACON-CRUZILLE LES PERRIÈRES",2021,"0,75 x 12 / S",13.00%,,,€ 46.50
"Guillot-Broux","MACON-CRUZILLE BEAUMONT",2017,"0,75 x 6 / S",13.00%,,,€ 22.30
,"(100% Gamay)",,,,,,
"Guillot-Broux","BOURGOGNE R. LES GENIÈVRIÈRES",2021,"0,75 x 6 / S",13.00%,,,€ 28.90
"Guillot-Broux","BOURGOGNE ROUGE LA MYOTTE",2020,"0,75 x 6 / S",13.00%,,,€ 37.50
"Guillot-Broux","BOURGOGNE ROUGE LA MYOTTE",2017,"0,75 x 6 / S",13.00%,,,€ 30.90
"Amelie Guillot","CRÉMANT DU JURA - 36 mesi","s.a.","0,75 x 6 / S",12.00%," /",,€ 16.90
"Amelie Guillot","CHARDONNAY VIEILLES VIGNES",2022,"0,75 x 6 / S",13.50%,,,€ 22.50
"Amelie Guillot","SAVAGNIN SWEETNESS QUILLÉ ",2022,"0,75 x 6 / S",14.00%,,,€ 24.90
,"VIELLES VIGNES",,,,,,
"Amelie Guillot","SAVAGNIN VIEILLES VIGNES",2019,"0,75 x 6 / S",13.00%,,,€ 29.50
"Amelie Guillot","VIN  JAUNE VV",2017,"0,62 x 6 / S",13.00%,,,€ 44.50
"Amelie Guillot","POULSARD VIELLES VIGNES",2023,"0,75 x 6 / S",12.00%,,,€ 18.90
"Amelie Guillot","TROUSSEAU VIELLES VIGNES",2023,"0,75 x 6 / S",12.00%,,,€ 20.50
"Amelie Guillot","TROUSSEAU EN TARTOT",2021,"0,75 x 6 / S",13.00%,,,€ 17.90
"Amelie Guillot","MACVIN DU JURA BLANC MAROULI","s.a.","0,75 x 6 / S",17.00%,"160 g/l",,€ 27.50
"Amelie Guillot","MACVIN DU JURA ROSÉ","s.a.","0,75 x 6 / S",17.00%,"140 g/l",,€ 27.50
"Ogereau","ANJOU BLANC EN CHENIN",2023,"0,75 x 6 / S",13.50%,,,€ 13.90
"Ogereau","ANJOU BLANC VENT DE SPILITE",2021,"0,75 x 6 / S",13.50%,,,€ 24.50
"Ogereau","ANJOU BLANC VENT DE SPILITE",2020,"0,75 x 6 / S",13.50%,,,€ 24.50
"Ogereau","SAVENNIÈRES LA SAPOANAIRE",2021,"0,75 x 6 / S",13.50%,,,€ 20.90
"Ogereau","SAVENNIÈRES LA SAPOANAIRE",2020,"0,75 x 6 / S",13.50%,,,€ 20.90
"Ogereau","COTEAUX-DU-LAYON S. LAMBERT",2022,"0,75 x 6 / S",12.50%,"85 g/l",,€ 20.90
"Ogereau","COTEAUX-DU-LAYON S. LAMBERT",2018,"0,75 x 6 / S",12.50%,"90 g/l",,€ 20.90
"Serol","TURBULLENT BRUT ROSÉ ","s.a.","0,75 x 6 / S",10.00%,,,€ 13.90
"Serol","CHENIN SUR GRANITE CHAMPTOISÉ",2022,"0,75 x 6 / S",12.00%,,,€ 18.50
"Serol","CÔTE ROANNAISE ROUGE ECLAT DE GRANIT",2023,"0,75 x 6 / S",12.50%,,,€ 14.90
"Serol","CÔTE ROANNAISE ROUGE OUDAN",2023,"0,75 x 6 / S",12.50%,,,€ 18.50
"Serol","CÔTE ROANNAISE ROUGE PERDRIZIERE",2023,"0,75 x 6 / S",12.00%,,,€ 22.50
"Serol","CÔTE ROANNAISE ROUGE CHEZ COSTE ",2023,"0,75 x 6 / S",13.50%,,,€ 31.50
"Giraud","CHÂTEAUNEUF-DU-PAPE BLANC GALIMADRES",2023,"0,75 x 6 / S",,," ","€ 49,50* "
"Giraud","LIRAC ROUGE LES SABLES D`ARENE VIEILLES V",2022,"0,75 x 6 / S",,,,"€ 17,50*"
"Giraud","CHÂTEAUNEUF-DU-PAPE ROUGE TRADITION",2021,"0,75 x 6 / S",,,,"€ 34,90*"
"Giraud","CHÂTEAUNEUF-DU-PAPE ROUGE GALIMADRES",2020,"0,75 x 6 / S",,,"Limitato","€ 79,00*"
"Flo Busch","LOU BRAGALOU (Grenache blanc)",2022,"0,75 x 6 / S",12.50%," "," ",€ 13.90
"Flo Busch","PIERRE QUI ROLLE macerato",2022,"0,75 x 6 / S",12.50%,,,€ 17.90
"Flo Busch","HEUREU QUI COMME… ",2022,"0,75 x 6 / S",13.50%,,,€ 14.50
"Flo Busch","POINT DU JOUR (Carignan & Syrah)",2021,"0,75 x 6 / S",14.00%,,,€ 18.50
"Flo Busch","L´ODYSSÉE (Syrah & Grenache)",2021,"0,75 x 6 / S",14.00%,,,€ 29.50
"Gauby","LES CALCINAIRES BLANC",2022,"0,75 x 6 / S",12.50%," "," ","€ 19,00*"
"Gauby","COUME GINESTE BLANC",2020,"0,75 x 6 / S",13.00%,,,"€ 72,00*"
"Gauby","LES CALCINAIRES ROUGE",2022,"0,75 x 6 / S",13.00%,,,"€ 19,00*"
"Gauby","LES CALCINAIRES ROUGE",2021,"0,75 x 6 / S",13.00%,,"Limitato","€ 19,00*"
"Gauby","VIEILLES VIGNES ROUGE",2021,"0,75 x 6 / S",13.00%,,,"€ 31,50*"
"Gauby","VIEILLES VIGNES ROUGE",2020,"0,75 x 6 / S",13.00%,,,"€ 32,50*"
"Gauby","VIEILLES VIGNES ROUGE",2019,"0,75 x 6 / S",13.00%,,"Limitato","€ 33,50*"
"Gauby","VIEILLES VIGNES ROUGE",2018,"0,75 x 6 / S",13.00%,,,"€ 35,50*"
"Gauby","MUNTADA",2021,"0,75 x 6 / S",14.00%,,,"€ 70,00*"
"Gauby","MUNTADA",2020,"0,75 x 6 / S",14.00%,,,"€ 72,00*"
"Gauby","MUNTADA",2019,"0,75 x 6 / S",14.00%,,"Limitato","€ 74,00*"
